Value Research,,,
Generate on: 23-Jul-2020 06:27,,,
,,,
All Equity Funds,,,
,,,
Fund Name,Category,Expense Ratio (%),1 Yr Ret (%)
Aditya Birla Sun Life Bal Bhavishya Yojna - Wealth Plan - Direct Plan,EQ-MLC,0.70,4.72
Aditya Birla Sun Life Bal Bhavishya Yojna - Wealth Plan - Regular Plan,EQ-MLC,2.60,2.53
Aditya Birla Sun Life Banking ETF - Regular Plan,EQ-BANK,0.16,NA
Aditya Birla Sun Life Banking & Financial Services Fund - Direct Plan,EQ-BANK,1.26,-17.73
Aditya Birla Sun Life Banking & Financial Services Fund - Regular Plan,EQ-BANK,2.43,-18.59
Aditya Birla Sun Life Commodity Equities Fund - Global Agri Plan,EQ-INTL,1.65,-12.06
Aditya Birla Sun Life Commodity Equities Fund - Global Agri Plan - Direct Plan,EQ-INTL,1.20,-11.83
Aditya Birla Sun Life Digital India Fund,EQ-IT,2.62,13.82
Aditya Birla Sun Life Digital India Fund - Direct Plan,EQ-IT,1.67,14.85
Aditya Birla Sun Life Dividend Yield Fund,EQ-DIV Y,2.55,3.36
Aditya Birla Sun Life Dividend Yield Fund - Direct Plan,EQ-DIV Y,1.80,4.02
Aditya Birla Sun Life Equity Advantage Fund - Direct Plan,EQ-L&MC,1.08,0.19
Aditya Birla Sun Life Equity Advantage Fund - Regular Plan,EQ-L&MC,2.07,-0.72
Aditya Birla Sun Life Equity Fund,EQ-MLC,1.94,-2.96
Aditya Birla Sun Life Equity Fund - Direct Plan,EQ-MLC,0.97,-2.11
Aditya Birla Sun Life Focused Equity Fund,EQ-LC,2.10,-1.59
Aditya Birla Sun Life Focused Equity Fund - Direct Plan,EQ-LC,1.11,-0.71
Aditya Birla Sun Life Frontline Equity Fund,EQ-LC,1.85,-4.02
Aditya Birla Sun Life Frontline Equity Fund - Direct Plan,EQ-LC,1.10,-3.42
Aditya Birla Sun Life Global Emerging Opportunities Fund,EQ-INTL,1.13,25.02
Aditya Birla Sun Life Global Emerging Opportunities Fund - Direct Plan,EQ-INTL,0.63,25.59
Aditya Birla Sun Life Global Real Estate Fund - Direct Plan,EQ-INTL,0.83,-10.02
Aditya Birla Sun Life Global Real Estate Fund - Retail Plan,EQ-INTL,1.28,-10.43
Aditya Birla Sun Life Index Fund,EQ-LC,0.58,-1.32
Aditya Birla Sun Life Index Fund - Direct Plan,EQ-LC,0.33,-1.19
Aditya Birla Sun Life India GenNext Fund,EQ-Consumption,2.37,3.73
Aditya Birla Sun Life India GenNext Fund - Direct Plan,EQ-Consumption,1.12,5.01
Aditya Birla Sun Life Infrastructure Fund,EQ-INFRA,2.60,-16.03
Aditya Birla Sun Life Infrastructure Fund - Direct Plan,EQ-INFRA,1.79,-15.43
Aditya Birla Sun Life International Equity Fund - Plan A,EQ-INTL,2.56,14.10
Aditya Birla Sun Life International Equity Fund - Plan A - Direct Plan,EQ-INTL,1.88,14.88
Aditya Birla Sun Life International Equity Fund - Plan B,EQ-THEMATIC,2.59,-3.14
Aditya Birla Sun Life International Equity Fund - Plan B - Direct Plan,EQ-THEMATIC,2.23,-2.80
Aditya Birla Sun Life Manufacturing Equity Fund - Direct Plan,EQ-THEMATIC,1.63,7.90
Aditya Birla Sun Life Manufacturing Equity Fund - Regular Plan,EQ-THEMATIC,2.62,7.08
Aditya Birla Sun Life Mid Cap Fund,EQ-MC,2.29,-9.61
Aditya Birla Sun Life Mid Cap Fund - Direct Plan,EQ-MC,1.28,-8.78
Aditya Birla Sun Life MNC Fund,EQ-MNC,2.07,5.01
Aditya Birla Sun Life MNC Fund - Direct Plan,EQ-MNC,1.16,5.88
Aditya Birla Sun Life Nifty ETF Fund,EQ-LC,0.05,-1.02
Aditya Birla Sun Life Nifty Next 50 ETF - Regular Plan,EQ-LC,0.05,0.52
Aditya Birla Sun Life Pharma & Healthcare Fund - Direct Plan,EQ-Pharma,0.92,30.59
Aditya Birla Sun Life Pharma & Healthcare Fund - Regular Plan,EQ-Pharma,2.72,28.03
Aditya Birla Sun Life PSU Equity Fund - Direct Plan,EQ-PSU,NA,NA
Aditya Birla Sun Life PSU Equity Fund - Regular Plan,EQ-PSU,2.51,NA
Aditya Birla Sun Life Pure Value Fund,EQ-VAL,2.19,-15.14
Aditya Birla Sun Life Pure Value Fund - Direct Plan,EQ-VAL,1.01,-14.20
Aditya Birla Sun Life Resurgent India Fund - Series 3 - Direct Plan,EQ-MLC,NA,-4.96
Aditya Birla Sun Life Resurgent India Fund - Series 3 - Regular Plan,EQ-MLC,1.26,-5.89
Aditya Birla Sun Life Resurgent India Fund - Series 4 - Direct Plan,EQ-MLC,NA,-1.69
Aditya Birla Sun Life Resurgent India Fund - Series 4 - Regular Plan,EQ-MLC,1.30,-2.39
Aditya Birla Sun Life Resurgent India Fund - Series 5 - Direct Plan,EQ-MLC,NA,1.52
Aditya Birla Sun Life Resurgent India Fund - Series 5 - Regular Plan,EQ-MLC,1.27,0.67
Aditya Birla Sun Life Resurgent India Fund - Series 6 - Direct Plan,EQ-MLC,NA,-13.59
Aditya Birla Sun Life Resurgent India Fund - Series 6 - Regular Plan,EQ-MLC,1.31,-14.23
Aditya Birla Sun Life Resurgent India Fund - Series 7 - Direct Plan,EQ-MLC,NA,-10.41
Aditya Birla Sun Life Resurgent India Fund - Series 7 - Regular Plan,EQ-MLC,1.31,-10.99
Aditya Birla Sun Life Retirement Fund - The 30s Plan - Direct Plan,EQ-MLC,1.00,4.72
Aditya Birla Sun Life Retirement Fund - The 30s Plan - Regular Plan,EQ-MLC,2.65,2.73
Aditya Birla Sun Life Sensex ETF,EQ-LC,0.08,0.73
Aditya Birla Sun Life Small Cap Fund,EQ-SC,2.38,-18.05
Aditya Birla Sun Life Small Cap Fund - Direct Plan,EQ-SC,1.08,-17.08
Aditya Birla Sun Life Tax Plan,EQ-ELSS,2.51,2.38
Aditya Birla Sun Life Tax Plan - Direct Plan,EQ-ELSS,1.86,3.04
Aditya Birla Sun Life Tax Relief 96,EQ-ELSS,1.92,3.43
Aditya Birla Sun Life Tax Relief 96 - Direct Plan,EQ-ELSS,0.92,4.42
Axis Bluechip Fund,EQ-LC,1.70,5.19
Axis Bluechip Fund - Direct Plan,EQ-LC,0.43,6.52
Axis Capital Builder Fund Series 1 (1540 Days) - Direct Plan,EQ-MLC,NA,3.87
Axis Capital Builder Fund Series 1 (1540 Days) - Regular Plan,EQ-MLC,1.32,3.03
Axis Capital Builder Fund Series 4 (1582 Days) - Direct Plan,EQ-MLC,NA,1.79
Axis Capital Builder Fund Series 4 (1582 Days) - Regular Plan,EQ-MLC,1.31,0.86
Axis Emerging Opportunities Fund Series 1 (1400 Days) - Direct Plan,EQ-MC,NA,5.16
Axis Emerging Opportunities Fund Series 1 (1400 Days) - Regular Plan,EQ-MC,1.30,4.33
Axis Emerging Opportunities Fund Series 2 (1400 Days) - Direct Plan,EQ-MC,NA,5.14
Axis Emerging Opportunities Fund Series 2 (1400 Days) - Regular Plan,EQ-MC,1.29,4.15
Axis Equity Advantage Fund Series 1 - Direct Plan,EQ-MLC,NA,6.60
Axis Equity Advantage Fund Series 1 - Regular Plan,EQ-MLC,1.29,5.59
Axis Equity Advantage Fund Series 2 - Direct Plan,EQ-MLC,NA,9.69
Axis Equity Advantage Fund Series 2 - Regular Plan,EQ-MLC,1.33,8.93
Axis ESG Equity Fund - Direct Plan,EQ-THEMATIC,0.40,NA
Axis ESG Equity Fund - Regular Plan,EQ-THEMATIC,2.02,NA
Axis Focused 25 Fund,EQ-MLC,2.01,3.56
Axis Focused 25 Fund - Direct Plan,EQ-MLC,0.63,4.81
Axis Growth Opportunities Fund - Direct Plan,EQ-L&MC,0.46,8.72
Axis Growth Opportunities Fund - Regular Plan,EQ-L&MC,2.15,6.82
Axis Long Term Equity Fund,EQ-ELSS,1.73,1.57
Axis Long Term Equity Fund - Direct Plan,EQ-ELSS,0.92,2.37
Axis Midcap Fund,EQ-MC,2.05,10.61
Axis Midcap Fund - Direct Plan,EQ-MC,0.55,12.14
Axis Multicap Fund - Direct Plan,EQ-MLC,0.48,5.71
Axis Multicap Fund - Regular Plan,EQ-MLC,2.07,4.29
Axis Nifty 100 Index Fund - Direct Plan,EQ-LC,0.15,NA
Axis Nifty 100 Index Fund - Regular Plan,EQ-LC,1.00,NA
Axis Nifty ETF - Regular Plan,EQ-LC,0.07,-1.05
Axis Small Cap Fund - Direct Plan,EQ-SC,0.30,4.56
Axis Small Cap Fund - Regular Plan,EQ-SC,2.05,2.87
Baroda Banking and Financial Services Fund,EQ-BANK,2.57,-15.79
Baroda Banking and Financial Services Fund - Direct Plan,EQ-BANK,1.89,-15.17
Baroda ELSS 96 Fund,EQ-ELSS,2.53,-1.19
Baroda ELSS 96 Fund - Direct Plan,EQ-ELSS,1.93,-0.47
Baroda Large Cap Fund,EQ-LC,2.56,1.76
Baroda Large Cap Fund - Direct Plan,EQ-LC,1.85,2.49
Baroda Midcap Fund,EQ-MC,2.52,3.17
Baroda Midcap Fund - Direct Plan,EQ-MC,1.80,4.00
Baroda Multi Cap Fund,EQ-MLC,2.50,-0.60
Baroda Multi Cap Fund - Direct Plan,EQ-MLC,1.80,0.19
BHARAT 22 ETF,EQ-LC,0.01,-26.69
BNP Paribas Focused 25 Equity Fund - Direct Plan,EQ-MLC,1.11,2.60
BNP Paribas Focused 25 Equity Fund - Regular Plan,EQ-MLC,2.47,1.22
BNP Paribas India Consumption Fund - Direct Plan,EQ-Consumption,0.85,11.85
BNP Paribas India Consumption Fund - Regular Plan,EQ-Consumption,2.41,10.09
BNP Paribas Large Cap Fund,EQ-LC,2.36,4.94
BNP Paribas Large Cap Fund - Direct Plan,EQ-LC,1.22,6.07
BNP Paribas Long Term Equity Fund,EQ-ELSS,2.42,4.32
BNP Paribas Long Term Equity Fund - Direct Plan,EQ-ELSS,1.19,5.57
BNP Paribas Midcap Fund,EQ-MC,2.37,2.63
BNP Paribas Midcap Fund - Direct Plan,EQ-MC,0.89,4.08
BNP Paribas Multi Cap Fund,EQ-MLC,2.43,-0.65
BNP Paribas Multi Cap Fund - Direct Plan,EQ-MLC,1.05,0.67
BOI AXA Large & Mid Cap Equity Fund - Direct Plan,EQ-L&MC,1.60,5.10
BOI AXA Large & Mid Cap Equity Fund - Eco Plan,EQ-L&MC,1.83,4.62
BOI AXA Large & Mid Cap Equity Fund - Regular Plan,EQ-L&MC,2.75,3.84
BOI AXA Manufacturing & Infrastructure Fund,EQ-INFRA,2.49,2.12
BOI AXA Manufacturing & Infrastructure Fund - Direct Plan,EQ-INFRA,1.24,3.54
BOI AXA Midcap Tax Fund Series 1 - Direct Plan,EQ-ELSS,0.84,15.90
BOI AXA Midcap Tax Fund Series 1 - Regular Plan,EQ-ELSS,1.54,14.95
BOI AXA Midcap Tax Fund Series 2 - Direct Plan,EQ-ELSS,0.50,10.46
BOI AXA Midcap Tax Fund Series 2 - Regular Plan,EQ-ELSS,1.53,9.26
BOI AXA Multi Cap Fund - Direct Plan,EQ-MLC,NA,NA
BOI AXA Multi Cap Fund - Regular Plan,EQ-MLC,NA,NA
BOI AXA Small Cap Fund - Direct Plan,EQ-SC,0.78,16.25
BOI AXA Small Cap Fund - Regular Plan,EQ-SC,2.59,14.07
BOI AXA Tax Advantage Fund - Direct Plan,EQ-ELSS,1.51,15.42
BOI AXA Tax Advantage Fund - Eco Plan,EQ-ELSS,1.77,14.92
BOI AXA Tax Advantage Fund - Regular Plan,EQ-ELSS,2.56,14.15
Canara Robeco Bluechip Equity Fund - Direct Plan,EQ-LC,1.03,10.28
Canara Robeco Bluechip Equity Fund - Regular Plan,EQ-LC,2.54,8.75
Canara Robeco Consumer Trends Fund - Direct Plan,EQ-Consumption,1.27,9.99
Canara Robeco Consumer Trends Fund - Regular Plan,EQ-Consumption,2.63,8.58
Canara Robeco Emerging Equities Fund - Direct Plan,EQ-L&MC,0.77,6.70
Canara Robeco Emerging Equities Fund - Regular Plan,EQ-L&MC,1.97,5.42
Canara Robeco Equity Diversified Fund - Direct Plan,EQ-MLC,0.79,7.65
Canara Robeco Equity Diversified Fund - Regular Plan,EQ-MLC,2.23,6.23
Canara Robeco Equity Tax Saver Fund - Direct Plan,EQ-ELSS,1.24,7.87
Canara Robeco Equity Tax Saver Fund - Regular Plan,EQ-ELSS,2.28,6.81
Canara Robeco Infrastructure Fund - Direct Plan,EQ-INFRA,1.63,-7.57
Canara Robeco Infrastructure Fund - Regular Plan,EQ-INFRA,2.59,-8.37
Canara Robeco Small Cap Fund - Direct Plan,EQ-SC,0.81,5.08
Canara Robeco Small Cap Fund - Regular Plan,EQ-SC,2.51,3.30
CPSE Exchange Traded Fund,EQ-PSU,0.01,-30.36
DSP 3 Years Close Ended Equity Fund - Direct Plan,EQ-MLC,0.98,11.89
DSP 3 Years Close Ended Equity Fund - Regular Plan,EQ-MLC,1.39,11.30
DSP A.C.E.Fund (Analyst's Conviction Equalized) Series 1 - Direct Plan,EQ-MLC,0.66,12.03
DSP A.C.E.Fund (Analyst's Conviction Equalized) Series 1 - Regular Plan,EQ-MLC,1.34,11.25
DSP A.C.E.Fund (Analyst'S Conviction Equalized) Series 2 - Direct Plan,EQ-MLC,0.68,14.90
DSP A.C.E.Fund (Analyst'S Conviction Equalized) Series 2 - Regular Plan,EQ-MLC,1.34,14.13
DSP Equal Nifty 50 Fund - Direct Plan,EQ-LC,0.37,-7.73
DSP Equal Nifty 50 Fund - Regular Plan,EQ-LC,0.79,-8.16
DSP Equity Fund,EQ-MLC,2.06,5.33
DSP Equity Fund - Direct Plan,EQ-MLC,1.12,6.36
DSP Equity Opportunities Fund,EQ-L&MC,1.98,2.25
DSP Equity Opportunities Fund - Direct Plan,EQ-L&MC,1.00,3.23
DSP Focus Fund,EQ-MLC,2.18,0.83
DSP Focus Fund - Direct Plan,EQ-MLC,1.08,1.93
DSP Global Allocation Fund - Direct Plan,EQ-INTL,1.59,19.99
DSP Global Allocation Fund - Regular Plan,EQ-INTL,2.09,19.41
DSP Healthcare Fund - Direct Plan,EQ-Pharma,1.04,48.35
DSP Healthcare Fund - Regular Plan,EQ-Pharma,2.56,45.70
DSP Midcap Fund - Direct Plan,EQ-MC,1.00,9.48
DSP Midcap Fund - Regular Plan,EQ-MC,1.93,8.51
DSP Natural Resources and New Energy Fund - Direct Plan,EQ-Energy,1.53,-7.52
DSP Natural Resources and New Energy Fund - Regular Plan,EQ-Energy,2.54,-8.36
DSP Nifty 50 Index Fund - Direct Plan,EQ-LC,0.21,-1.56
DSP Nifty 50 Index Fund - Regular Plan,EQ-LC,0.39,-1.77
DSP Nifty Next 50 Index Fund - Direct Plan,EQ-LC,0.29,-0.95
DSP Nifty Next 50 Index Fund - Regular Plan,EQ-LC,0.58,-1.25
DSP Quant Fund - Direct Plan,EQ-THEMATIC,0.56,14.34
DSP Quant Fund - Regular Plan,EQ-THEMATIC,1.30,13.46
DSP Small Cap Fund - Direct Plan,EQ-SC,1.11,1.42
DSP Small Cap Fund - Regular Plan,EQ-SC,2.03,0.52
DSP Tax Saver Fund,EQ-ELSS,1.90,1.18
DSP Tax Saver Fund - Direct Plan,EQ-ELSS,0.95,2.16
DSP T.I.G.E.R. Fund - Direct Plan,EQ-INFRA,1.91,-16.50
DSP T.I.G.E.R. Fund - Regular Plan,EQ-INFRA,2.50,-17.04
DSP Top 100 Equity Fund - Direct Plan,EQ-LC,1.43,-2.10
DSP Top 100 Equity Fund - Regular Plan,EQ-LC,2.17,-2.84
DSP US Flexible Equity Fund,EQ-INTL,2.47,19.40
DSP US Flexible Equity Fund - Direct Plan,EQ-INTL,1.68,20.09
DSP World Agriculture Fund,EQ-INTL,2.44,11.50
DSP World Agriculture Fund - Direct Plan,EQ-INTL,2.31,11.73
DSP World Energy Fund - Direct Plan,EQ-INTL,1.80,-4.38
DSP World Energy Fund - Regular Plan,EQ-INTL,2.35,-4.73
DSP World Gold Fund - Direct Plan,EQ-INTL,1.87,56.56
DSP World Gold Fund - Regular Plan,EQ-INTL,2.40,55.85
DSP World Mining Fund - Direct Plan,EQ-INTL,1.93,17.08
DSP World Mining Fund - Regular Plan,EQ-INTL,2.38,16.59
Edelweiss ASEAN Equity Off-shore Fund - Direct Plan,EQ-INTL,1.67,-8.46
Edelweiss ASEAN Equity Off-shore Fund - Regular Plan,EQ-INTL,2.37,-9.08
Edelweiss Emerging Markets Opportunities Equity Offshore Fund - Direct Plan,EQ-INTL,1.23,14.62
Edelweiss Emerging Markets Opportunities Equity Offshore Fund - Regular Plan,EQ-INTL,2.29,13.49
Edelweiss ETF - Nifty 100 Quality 30,EQ-LC,0.28,3.58
Edelweiss Europe Dynamic Equity Offshore Fund - Direct Plan,EQ-INTL,1.60,10.28
Edelweiss Europe Dynamic Equity Offshore Fund - Regular Plan,EQ-INTL,2.34,9.51
Edelweiss Exchange Traded Fund-Nifty 50,EQ-LC,0.07,-1.27
Edelweiss Exchange Traded Fund-Nifty Bank,EQ-BANK,0.12,-22.51
Edelweiss Greater China Equity Off-shore Fund - Direct Plan,EQ-INTL,1.52,55.07
Edelweiss Greater China Equity Off-shore Fund - Regular Plan,EQ-INTL,2.35,53.86
Edelweiss Large Cap Fund - Direct Plan,EQ-LC,0.59,3.25
Edelweiss Large Cap Fund - Plan B,EQ-LC,2.02,1.64
Edelweiss Large Cap Fund - Plan C,EQ-LC,2.02,1.63
Edelweiss Large Cap Fund - Regular Plan,EQ-LC,2.52,1.61
Edelweiss Large & Mid Cap Fund - Direct Plan,EQ-L&MC,0.92,2.53
Edelweiss Large & Mid Cap Fund Regular Plan,EQ-L&MC,2.50,0.92
Edelweiss Long Term Equity Fund (Tax Savings) - Direct Plan,EQ-ELSS,0.68,-0.61
Edelweiss Long Term Equity Fund (Tax Savings) - Regular Plan,EQ-ELSS,2.38,-2.30
Edelweiss Maiden Opportunities Fund Series 1 - Direct Plan,EQ-MLC,1.23,18.34
Edelweiss Maiden Opportunities Fund Series 1 - Regular Plan,EQ-MLC,1.41,18.10
Edelweiss Mid Cap Fund - Direct Plan,EQ-MC,0.65,4.22
Edelweiss Mid Cap Fund - Regular Plan,EQ-MC,2.30,2.53
Edelweiss Multi Cap Fund - Direct Plan,EQ-MLC,0.70,-1.17
Edelweiss Multi Cap Fund - Regular Plan,EQ-MLC,2.49,-2.93
Edelweiss Small Cap Fund - Direct Plan,EQ-SC,0.92,5.72
Edelweiss Small Cap Fund - Regular Plan,EQ-SC,2.48,4.07
Edelweiss US Technology Equity Fund of Fund - Direct Plan,EQ-INTL,1.22,NA
Edelweiss US Technology Equity Fund of Fund - Regular Plan,EQ-INTL,2.32,NA
Edelweiss US Value Equity Off-shore Fund - Direct Plan,EQ-INTL,1.52,6.34
Edelweiss US Value Equity Off-shore Fund - Regular Plan,EQ-INTL,2.37,5.46
Essel Large Cap Equity Fund,EQ-LC,2.45,-0.90
Essel Large Cap Equity Fund - Direct Plan,EQ-LC,0.53,0.65
Essel Large & Midcap Fund,EQ-L&MC,2.60,-7.24
Essel Large & Midcap Fund - Direct Plan,EQ-L&MC,0.72,-5.57
Essel Long Term Advantage Fund,EQ-ELSS,2.33,-4.12
Essel Long Term Advantage Fund - Direct Plan,EQ-ELSS,0.58,-2.67
Essel Multi Cap Fund - Direct Plan,EQ-MLC,0.53,-2.17
Essel Multi Cap Fund - Regular Plan,EQ-MLC,2.60,-4.02
Franklin Asian Equity Fund,EQ-INTL,2.66,15.49
Franklin Asian Equity Fund - Direct Plan,EQ-INTL,2.00,16.15
Franklin Build India Fund,EQ-INFRA,2.41,-16.51
Franklin Build India Fund - Direct Plan,EQ-INFRA,1.29,-15.59
Franklin India Bluechip Fund,EQ-LC,1.96,-5.18
Franklin India Bluechip Fund - Direct Plan,EQ-LC,1.23,-4.46
Franklin India Equity Advantage Fund,EQ-L&MC,2.13,-12.09
Franklin India Equity Advantage Fund - Direct Plan,EQ-L&MC,1.14,-11.29
Franklin India Equity Fund,EQ-MLC,1.86,-5.54
Franklin India Equity Fund - Direct Plan,EQ-MLC,1.11,-4.80
Franklin India Feeder - Franklin European Growth Fund,EQ-INTL,1.43,-12.32
Franklin India Feeder - Franklin European Growth Fund Direct Plan,EQ-INTL,0.64,-11.53
Franklin India Feeder Franklin US Opportunities Fund,EQ-INTL,1.54,35.93
Franklin India Feeder Franklin US Opportunities Fund - Direct Plan,EQ-INTL,0.68,37.24
Franklin India Focused Equity Fund,EQ-MLC,1.91,-9.76
Franklin India Focused Equity Fund - Direct Plan,EQ-MLC,1.11,-8.98
Franklin India Index Fund - NSE Nifty Plan,EQ-LC,0.67,-2.18
Franklin India Index Fund - NSE Nifty Plan - Direct Plan,EQ-LC,0.26,-1.67
Franklin India Opportunities Fund,EQ-THEMATIC,2.51,-4.96
Franklin India Opportunities Fund - Direct Plan,EQ-THEMATIC,1.42,-4.06
Franklin India Prima Fund,EQ-MC,2.18,-5.65
Franklin India Prima Fund - Direct Plan,EQ-MC,1.14,-4.84
Franklin India Smaller Companies Fund,EQ-SC,2.01,-16.68
Franklin India Smaller Companies Fund - Direct Plan,EQ-SC,1.18,-15.93
Franklin India Taxshield Fund,EQ-ELSS,1.98,-10.56
Franklin India Taxshield Fund - Direct Plan,EQ-ELSS,1.05,-9.67
Franklin India Technology Fund,EQ-IT,2.42,22.61
Franklin India Technology Fund - Direct Plan,EQ-IT,1.46,23.71
HDFC Capital Builder Value Fund,EQ-VAL,1.98,-7.67
HDFC Capital Builder Value Fund - Direct Plan,EQ-VAL,1.18,-6.85
HDFC Equity Fund,EQ-MLC,1.80,-14.73
HDFC Equity Fund - Direct Plan,EQ-MLC,1.20,-14.25
HDFC Equity Opportunities Fund II 1100D June 2017 (1) - Direct Plan,EQ-LC,1.08,-16.78
HDFC Equity Opportunities Fund II 1100D June 2017 (1) - Regular Plan,EQ-LC,1.40,-17.07
HDFC Equity Opportunities Fund II 1126D May 2017 (1) - Direct Plan,EQ-LC,0.81,-15.62
HDFC Equity Opportunities Fund II 1126D May 2017 (1) - Regular Plan,EQ-LC,1.36,-16.04
HDFC Focused 30 Fund,EQ-MLC,2.53,-11.56
HDFC Focused 30 Fund - Direct Plan,EQ-MLC,1.68,-10.76
HDFC Growth Opportunities Fund - Direct Plan,EQ-L&MC,2.12,-7.56
HDFC Growth Opportunities Fund - Regular Plan,EQ-L&MC,2.37,-7.79
HDFC Housing Opportunities Fund Series 1 1140D November 2017 (1) - Direct Plan,EQ-THEMATIC,0.79,-18.98
HDFC Housing Opportunities Fund Series 1 1140D November 2017 (1) - Regular Plan,EQ-THEMATIC,1.34,-19.41
HDFC Index Fund Nifty 50 Plan,EQ-LC,0.30,-1.69
HDFC Index Fund Nifty 50 Plan - Direct Plan,EQ-LC,0.10,-1.51
HDFC Index Fund - Sensex Plan,EQ-LC,0.30,-0.07
HDFC Index Fund - Sensex Plan - Direct Plan,EQ-LC,0.10,0.19
HDFC Infrastructure Fund,EQ-INFRA,2.67,-32.82
HDFC Infrastructure Fund - Direct Plan,EQ-INFRA,1.92,-32.30
HDFC Long Term Advantage Fund,EQ-ELSS,2.21,-6.55
HDFC Long Term Advantage Fund - Direct Plan,EQ-ELSS,1.71,-6.08
HDFC Mid-Cap Opportunities Fund,EQ-MC,1.92,-3.38
HDFC Mid-Cap Opportunities Fund - Direct Plan,EQ-MC,1.12,-2.73
HDFC Nifty 50 ETF,EQ-LC,0.05,-1.12
HDFC Retirement Savings Fund Equity Plan - Direct Plan,EQ-MLC,1.18,-1.06
HDFC Retirement Savings Fund Equity Plan - Regular Plan,EQ-MLC,2.58,-2.31
HDFC Sensex ETF,EQ-LC,0.05,0.64
HDFC Small Cap Fund - Direct Plan,EQ-SC,0.93,-15.51
HDFC Small Cap Fund - Regular Plan,EQ-SC,1.93,-16.37
HDFC Taxsaver Fund,EQ-ELSS,2.02,-10.33
HDFC Taxsaver Fund - Direct Plan,EQ-ELSS,1.37,-9.82
HDFC Top 100 Fund,EQ-LC,1.88,-12.62
HDFC Top 100 Fund - Direct Plan,EQ-LC,1.28,-12.12
HSBC Asia Pacific (Ex Japan) Dividend Yield Fund - Direct Plan,EQ-INTL,1.24,9.72
HSBC Asia Pacific (Ex Japan) Dividend Yield Fund - Regular Plan,EQ-INTL,2.04,8.85
HSBC Brazil Fund,EQ-INTL,2.31,-25.07
HSBC Brazil Fund - Direct Plan,EQ-INTL,1.60,-24.48
HSBC Focused Equity Fund - Direct Plan,EQ-MLC,NA,NA
HSBC Focused Equity Fund - Regular Plan,EQ-MLC,NA,NA
HSBC Global Consumer Opportunities Fund - Direct Plan,EQ-INTL,1.48,15.21
HSBC Global Consumer Opportunities Fund - Regular Plan,EQ-INTL,2.16,14.38
HSBC Global Emerging Markets Fund,EQ-INTL,2.39,17.75
HSBC Global Emerging Markets Fund - Direct Plan,EQ-INTL,1.69,18.61
HSBC Infrastructure Equity Fund,EQ-INFRA,2.55,-20.73
HSBC Infrastructure Equity Fund - Direct Plan,EQ-INFRA,1.25,-19.66
HSBC Large and Mid Cap Equity Fund - Direct Plan,EQ-L&MC,0.81,0.28
HSBC Large and Mid Cap Equity Fund - Regular Plan,EQ-L&MC,2.42,-1.36
HSBC Large Cap Equity Fund,EQ-LC,2.49,-0.16
HSBC Large Cap Equity Fund - Direct Plan,EQ-LC,1.56,0.79
HSBC Multi Cap Equity Fund,EQ-MLC,2.51,-1.93
HSBC Multi Cap Equity Fund - Direct Plan,EQ-MLC,1.38,-0.79
HSBC Small Cap Equity Fund,EQ-SC,2.49,-8.51
HSBC Small Cap Equity Fund - Direct Plan,EQ-SC,1.09,-7.22
HSBC Tax Saver Equity Fund,EQ-ELSS,2.49,-3.64
HSBC Tax Saver Equity Fund - Direct Plan,EQ-ELSS,1.26,-2.39
ICICI Prudential Bank ETF,EQ-BANK,0.16,-22.38
ICICI Prudential Banking and Financial Services Fund,EQ-BANK,2.23,-20.46
ICICI Prudential Banking and Financial Services Fund - Direct Plan,EQ-BANK,1.19,-19.74
ICICI Prudential BHARAT 22 FOF,EQ-LC,0.01,-26.80
ICICI Prudential BHARAT 22 FOF - Direct Plan,EQ-LC,0.01,-26.80
ICICI Prudential Bharat Consumption Fund,EQ-Consumption,2.47,4.60
ICICI Prudential Bharat Consumption Fund - Direct Plan,EQ-Consumption,1.09,6.18
ICICI Prudential Bharat Consumption Fund - Series 1,EQ-Consumption,1.38,0.20
ICICI Prudential Bharat Consumption Fund - Series 1 - Direct Plan,EQ-Consumption,NA,0.49
ICICI Prudential Bharat Consumption Fund - Series 2,EQ-Consumption,1.39,7.49
ICICI Prudential Bharat Consumption Fund - Series 2 - Direct Plan,EQ-Consumption,NA,7.89
ICICI Prudential Bharat Consumption Fund - Series 3,EQ-Consumption,1.37,-0.10
ICICI Prudential Bharat Consumption Fund - Series 3 - Direct Plan,EQ-Consumption,NA,0.29
ICICI Prudential Bharat Consumption Fund - Series 4,EQ-Consumption,1.37,5.21
ICICI Prudential Bharat Consumption Fund - Series 4 - Direct Plan,EQ-Consumption,NA,5.69
ICICI Prudential Bharat Consumption Fund - Series 5,EQ-Consumption,1.34,7.95
ICICI Prudential Bharat Consumption Fund - Series 5 - Direct Plan,EQ-Consumption,NA,8.37
ICICI Prudential Bluechip Fund,EQ-LC,1.79,-1.95
ICICI Prudential Bluechip Fund - Direct Plan,EQ-LC,1.10,-1.34
ICICI Prudential Commodities Fund,EQ-THEMATIC,2.63,NA
ICICI Prudential Commodities Fund - Direct Plan,EQ-THEMATIC,0.84,NA
ICICI Prudential Dividend Yield Equity Fund,EQ-DIV Y,2.64,-8.37
ICICI Prudential Dividend Yield Equity Fund - Direct Plan,EQ-DIV Y,1.83,-7.64
ICICI Prudential Exports and Services Fund,EQ-THEMATIC,2.64,-3.26
ICICI Prudential Exports and Services Fund - Direct Plan,EQ-THEMATIC,1.96,-2.67
ICICI Prudential FMCG Fund,EQ-THEMATIC,2.61,4.26
ICICI Prudential FMCG Fund - Direct Plan,EQ-THEMATIC,1.72,4.99
ICICI Prudential Focused Equity Fund,EQ-MLC,2.75,1.63
ICICI Prudential Focused Equity Fund - Direct Plan,EQ-MLC,1.48,2.64
ICICI Prudential Global Advantage Fund (FOF),EQ-INTL,1.03,NA
ICICI Prudential Global Advantage Fund (FOF) - Direct Plan,EQ-INTL,0.46,NA
ICICI Prudential Global Stable Equity Fund (FOF),EQ-INTL,1.30,7.71
ICICI Prudential Global Stable Equity Fund (FOF) - Direct Plan,EQ-INTL,0.19,8.61
ICICI Prudential Growth Fund - Series 1,EQ-LC,1.39,-5.73
ICICI Prudential Growth Fund - Series 1 - Direct Plan,EQ-LC,NA,-5.43
ICICI Prudential Growth Fund - Series 2,EQ-LC,1.35,-3.38
ICICI Prudential Growth Fund - Series 2 - Direct Plan,EQ-LC,NA,-2.96
ICICI Prudential Growth Fund - Series 3,EQ-MLC,1.32,-6.24
ICICI Prudential Growth Fund - Series 3 - Direct Plan,EQ-MLC,NA,-5.85
ICICI Prudential India Equity FOF,EQ-MLC,1.06,NA
ICICI Prudential India Equity FOF - Direct Plan,EQ-MLC,0.15,NA
ICICI Prudential India Opportunities Fund,EQ-THEMATIC,2.13,-11.18
ICICI Prudential India Opportunities Fund - Direct Plan,EQ-THEMATIC,0.58,-9.73
ICICI Prudential Infrastructure Fund,EQ-INFRA,2.51,-18.74
ICICI Prudential Infrastructure Fund - Direct Plan,EQ-INFRA,1.94,-18.31
ICICI Prudential Large & Mid Cap Fund,EQ-L&MC,2.20,-7.56
ICICI Prudential Large & Mid Cap Fund - Direct Plan,EQ-L&MC,1.30,-6.86
ICICI Prudential Long Term Equity Fund (Tax Saving),EQ-ELSS,2.08,-4.59
ICICI Prudential Long Term Equity Fund (Tax Saving) - Direct Plan,EQ-ELSS,1.23,-3.93
ICICI Prudential Long Term Wealth Enhancement Fund,EQ-ELSS,1.35,-9.00
ICICI Prudential Long Term Wealth Enhancement Fund - Direct Plan,EQ-ELSS,NA,-8.55
ICICI Prudential Manufacture in India Fund,EQ-THEMATIC,2.46,-4.24
ICICI Prudential Manufacture in India Fund - Direct Plan,EQ-THEMATIC,1.46,-2.82
ICICI Prudential Midcap 150 ETF,EQ-MC,0.27,NA
ICICI Prudential Midcap Fund,EQ-MC,2.36,-7.74
ICICI Prudential Midcap Fund - Direct Plan,EQ-MC,1.32,-6.88
ICICI Prudential Midcap Select ETF,EQ-L&MC,0.45,-5.92
ICICI Prudential MNC Fund,EQ-MNC,2.48,4.70
ICICI Prudential MNC Fund - Direct Plan,EQ-MNC,1.07,6.19
ICICI Prudential Multicap Fund,EQ-MLC,2.06,-9.68
ICICI Prudential Multicap Fund - Direct Plan,EQ-MLC,1.02,-8.80
ICICI Prudential Nifty 100 ETF,EQ-LC,0.46,-1.13
ICICI Prudential Nifty ETF,EQ-LC,0.05,-1.03
ICICI Prudential Nifty Index Fund,EQ-LC,0.45,-1.44
ICICI Prudential Nifty Index Fund - Direct Plan,EQ-LC,0.10,-1.07
ICICI Prudential Nifty Low Vol 30 ETF,EQ-LC,0.42,5.15
ICICI Prudential Nifty Next 50 ETF,EQ-LC,0.15,-0.41
ICICI Prudential Nifty Next 50 Index Fund,EQ-LC,0.85,-1.10
ICICI Prudential Nifty Next 50 Index Fund - Direct Plan,EQ-LC,0.39,-0.69
ICICI Prudential NV20 ETF,EQ-LC,0.15,2.65
ICICI Prudential Pharma Healthcare And Diagnostics (P.H.D) Fund,EQ-Pharma,2.33,41.46
ICICI Prudential Pharma Healthcare And Diagnostics (P.H.D) Fund - Direct Plan,EQ-Pharma,1.37,43.59
ICICI Prudential Private Banks ETF,EQ-BANK,0.16,NA
ICICI Prudential Retirement Fund - Pure Equity Plan,EQ-MLC,2.44,-8.22
ICICI Prudential Retirement Fund - Pure Equity Plan - Direct Plan,EQ-MLC,0.97,-6.24
ICICI Prudential Sensex ETF,EQ-LC,0.08,0.74
ICICI Prudential Sensex Index Fund,EQ-LC,0.30,0.83
ICICI Prudential Sensex Index Fund - Direct Plan,EQ-LC,0.10,1.05
ICICI Prudential Smallcap Fund,EQ-SC,2.34,-8.12
ICICI Prudential Smallcap Fund - Direct Plan,EQ-SC,0.67,-6.78
ICICI Prudential S&P BSE 500 ETF,EQ-MLC,0.29,-0.94
ICICI Prudential Technology Fund,EQ-IT,2.62,9.61
ICICI Prudential Technology Fund - Direct Plan,EQ-IT,1.90,10.25
ICICI Prudential US Bluechip Equity Fund,EQ-INTL,2.60,22.13
ICICI Prudential US Bluechip Equity Fund - Direct Plan,EQ-INTL,1.68,23.23
ICICI Prudential Value Discovery Fund,EQ-VAL,1.90,-0.56
ICICI Prudential Value Discovery Fund - Direct Plan,EQ-VAL,1.27,-0.01
ICICI Prudential Value Fund - Series 12,EQ-LC,1.37,-9.29
ICICI Prudential Value Fund - Series 12 - Direct Plan,EQ-LC,NA,-8.93
ICICI Prudential Value Fund - Series 13,EQ-LC,1.34,-7.05
ICICI Prudential Value Fund - Series 13 - Direct Plan,EQ-LC,NA,-6.62
ICICI Prudential Value Fund - Series 14,EQ-LC,1.26,-5.18
ICICI Prudential Value Fund - Series 14 - Direct Plan,EQ-LC,NA,-4.63
ICICI Prudential Value Fund - Series 15,EQ-MLC,1.37,-8.36
ICICI Prudential Value Fund - Series 15 - Direct Plan,EQ-MLC,NA,-7.94
ICICI Prudential Value Fund - Series 16,EQ-MLC,1.39,-5.06
ICICI Prudential Value Fund - Series 16 - Direct Plan,EQ-MLC,NA,-4.75
ICICI Prudential Value Fund - Series 17,EQ-MLC,1.36,-8.78
ICICI Prudential Value Fund - Series 17 - Direct Plan,EQ-MLC,NA,-8.36
ICICI Prudential Value Fund - Series 18,EQ-MLC,1.35,-1.95
ICICI Prudential Value Fund - Series 18 - Direct Plan,EQ-MLC,NA,-1.55
ICICI Prudential Value Fund - Series 19,EQ-LC,1.34,-9.99
ICICI Prudential Value Fund - Series 19 - Direct Plan,EQ-LC,NA,-9.47
ICICI Prudential Value Fund - Series 20,EQ-LC,1.34,-7.96
ICICI Prudential Value Fund - Series 20 - Direct Plan,EQ-LC,NA,-7.53
ICICI Prudential Value Fund - Series 8,EQ-MLC,1.33,-5.41
ICICI Prudential Value Fund - Series 8 - Direct Plan,EQ-MLC,NA,-4.99
IDBI Banking & Financial Services Fund - Direct Plan,EQ-BANK,1.49,-12.73
IDBI Banking & Financial Services Fund - Regular Plan,EQ-BANK,2.55,-13.48
IDBI Diversified Equity Fund - Direct Plan,EQ-MLC,1.18,4.45
IDBI Diversified Equity Fund - Regular Plan,EQ-MLC,2.61,3.06
IDBI Dividend Yield Fund - Direct Plan,EQ-DIV Y,1.61,10.44
IDBI Dividend Yield Fund - Regular Plan,EQ-DIV Y,2.54,8.74
IDBI Equity Advantage Fund - Direct Plan,EQ-ELSS,1.20,1.67
IDBI Equity Advantage Fund - Regular Plan,EQ-ELSS,2.45,0.49
IDBI Focused 30 Equity Fund - Direct Plan,EQ-LC,1.58,3.03
IDBI Focused 30 Equity Fund - Regular Plan,EQ-LC,2.47,2.11
IDBI Healthcare Fund - Direct Plan,EQ-Pharma,1.43,39.06
IDBI Healthcare Fund - Regular Plan,EQ-Pharma,2.56,36.48
IDBI India Top 100 Equity Fund,EQ-LC,2.58,3.46
IDBI India Top 100 Equity Fund - Direct Plan,EQ-LC,1.38,4.58
IDBI Long Term Value Fund - Direct Plan,EQ-VAL,1.77,-4.85
IDBI Long Term Value Fund - Regular Plan,EQ-VAL,2.59,-5.54
IDBI Midcap Fund - Direct Plan,EQ-MC,1.70,3.26
IDBI Midcap Fund - Regular Plan,EQ-MC,2.61,2.33
IDBI Nifty Index Fund,EQ-LC,1.03,-2.08
IDBI Nifty Index Fund - Direct Plan,EQ-LC,0.30,-1.23
IDBI Nifty Junior Index Fund,EQ-LC,1.04,-0.71
IDBI Nifty Junior Index Fund - Direct Plan,EQ-LC,0.49,-0.16
IDBI Small Cap Fund - Direct Plan,EQ-SC,1.53,-7.83
IDBI Small Cap Fund - Regular Plan,EQ-SC,2.49,-8.70
IDFC Core Equity Fund - Direct Plan,EQ-L&MC,0.88,-5.35
IDFC Core Equity Fund - Regular Plan,EQ-L&MC,2.09,-6.48
IDFC Emerging Businesses Fund - Direct Plan,EQ-SC,0.45,NA
IDFC Emerging Businesses Fund - Regular Plan,EQ-SC,2.40,NA
IDFC Equity Opportunity Series 4 - Direct Plan,EQ-MLC,0.09,-17.77
IDFC Equity Opportunity Series 4 - Regular Plan,EQ-MLC,1.25,-18.72
IDFC Equity Opportunity Series 5 - Direct Plan,EQ-MLC,0.08,-0.11
IDFC Equity Opportunity Series 5 - Regular Plan,EQ-MLC,1.25,-1.19
IDFC Equity Opportunity Series 6 - Direct Plan,EQ-MLC,0.36,11.87
IDFC Equity Opportunity Series 6 - Regular Plan,EQ-MLC,1.31,10.79
IDFC Focused Equity Fund - Direct Plan,EQ-MLC,0.86,7.76
IDFC Focused Equity Fund - Regular Plan,EQ-MLC,2.22,6.35
IDFC Infrastructure Fund - Direct Plan,EQ-INFRA,1.44,-18.76
IDFC Infrastructure Fund - Regular Plan,EQ-INFRA,2.53,-19.66
IDFC Large Cap Fund - Direct Plan,EQ-LC,1.58,3.91
IDFC Large Cap Fund - Regular Plan,EQ-LC,2.58,2.98
IDFC Multi Cap Fund - Direct Plan,EQ-MLC,1.32,-3.45
IDFC Multi Cap Fund - Regular Plan,EQ-MLC,2.00,-4.10
IDFC Nifty ETF,EQ-LC,0.06,-0.83
IDFC Nifty Fund - Direct Plan,EQ-LC,0.15,-0.60
IDFC Nifty Fund - Regular Plan,EQ-LC,0.30,-0.77
IDFC Sensex ETF,EQ-LC,0.20,0.83
IDFC Sterling Value Fund - Direct Plan,EQ-VAL,1.03,-14.39
IDFC Sterling Value Fund - Regular Plan,EQ-VAL,2.12,-15.29
IDFC Tax Advantage (ELSS) Fund - Direct Plan,EQ-ELSS,1.05,-5.75
IDFC Tax Advantage (ELSS) Fund - Regular Plan,EQ-ELSS,2.12,-6.73
IIFL Focused Equity Fund - Direct Plan,EQ-MLC,0.90,10.11
IIFL Focused Equity Fund - Regular Plan,EQ-MLC,2.27,8.53
Indiabulls Bluechip Fund,EQ-LC,2.43,-4.69
Indiabulls Bluechip Fund - Direct Plan,EQ-LC,1.03,-3.28
Indiabulls Nifty 50 Exchange Traded Fund - Regular Plan,EQ-LC,0.12,-0.13
Indiabulls Tax Savings Fund - Direct Plan,EQ-ELSS,0.50,-2.73
Indiabulls Tax Savings Fund - Regular Plan,EQ-ELSS,2.25,-3.94
Indiabulls Value Fund - Direct Plan,EQ-VAL,0.50,-1.77
Indiabulls Value Fund - Regular Plan,EQ-VAL,2.30,-3.35
Invesco India Contra Fund,EQ-VAL,1.98,5.45
Invesco India Contra Fund - Direct Plan,EQ-VAL,0.69,6.59
Invesco India Feeder- Invesco Global Equity Income Fund - Direct Plan,EQ-INTL,0.51,3.95
Invesco India Feeder- Invesco Global Equity Income Fund - Regular Plan,EQ-INTL,1.17,3.25
Invesco India Feeder- Invesco Pan European Equity Fund - Direct Plan,EQ-INTL,0.29,0.43
Invesco India Feeder- Invesco Pan European Equity Fund - Regular Plan,EQ-INTL,0.65,-0.17
Invesco India Financial Services Fund,EQ-BANK,2.75,-9.67
Invesco India Financial Services Fund - Direct Plan,EQ-BANK,1.67,-8.71
Invesco India Growth Opportunities Fund,EQ-L&MC,2.09,1.31
Invesco India Growth Opportunities Fund - Direct Plan,EQ-L&MC,0.69,2.41
Invesco India Infrastructure Fund,EQ-INFRA,2.47,1.81
Invesco India Infrastructure Fund - Direct Plan,EQ-INFRA,1.31,3.33
Invesco India Largecap Fund,EQ-LC,2.62,1.32
Invesco India Largecap Fund - Direct Plan,EQ-LC,1.40,2.59
Invesco India Mid Cap Fund,EQ-MC,2.50,8.63
Invesco India Mid Cap Fund - Direct Plan,EQ-MC,0.99,10.12
Invesco India Multicap Fund,EQ-MLC,2.47,1.42
Invesco India Multicap Fund - Direct Plan,EQ-MLC,1.11,2.72
Invesco India Nifty Exchange Traded Fund,EQ-LC,0.10,-1.09
Invesco India PSU Equity Fund,EQ-PSU,2.46,7.59
Invesco India PSU Equity Fund - Direct Plan,EQ-PSU,1.48,8.49
Invesco India Smallcap Fund - Direct Plan,EQ-SC,0.85,8.06
Invesco India Smallcap Fund - Regular Plan,EQ-SC,2.54,6.40
Invesco India Tax Plan,EQ-ELSS,2.41,4.58
Invesco India Tax Plan - Direct Plan,EQ-ELSS,1.15,5.76
ITI Long Term Equity Fund - Direct Plan,EQ-ELSS,0.38,NA
ITI Long Term Equity Fund - Regular Plan,EQ-ELSS,2.58,NA
ITI Multi Cap Fund - Direct Plan,EQ-MLC,0.48,-3.87
ITI Multi Cap Fund - Regular Plan,EQ-MLC,2.63,-5.94
ITI Small Cap Fund - Direct Plan,EQ-SC,0.31,NA
ITI Small Cap Fund - Regular Plan,EQ-SC,2.56,NA
JM Core 11 Fund,EQ-LC,1.62,-6.48
JM Core 11 Fund - Direct Plan,EQ-LC,1.22,-4.83
JM Large Cap Fund,EQ-LC,1.99,5.03
JM Large Cap Fund - Direct Plan,EQ-LC,0.48,6.06
JM Multicap Fund,EQ-MLC,2.50,0.50
JM Multicap Fund - Direct Plan,EQ-MLC,1.32,1.29
JM Tax Gain Fund,EQ-ELSS,2.34,0.42
JM Tax Gain Fund - Direct Plan,EQ-ELSS,0.80,1.17
JM Value Fund,EQ-VAL,2.54,0.48
JM Value Fund - Direct Plan,EQ-VAL,1.50,1.14
Kotak Banking ETF Fund Regular,EQ-BANK,0.18,-22.94
Kotak Bluechip Fund - Direct Plan,EQ-LC,1.14,4.30
Kotak Bluechip Fund - Regular Plan,EQ-LC,2.28,3.16
Kotak Emerging Equity Fund - Direct Plan,EQ-MC,0.63,2.29
Kotak Emerging Equity Fund Regular Plan,EQ-MC,1.93,1.01
Kotak Equity Opportunities Fund - Direct Plan,EQ-L&MC,0.89,5.16
Kotak Equity Opportunities Fund - Regular Plan,EQ-L&MC,2.07,4.03
Kotak Focused Equity Fund - Direct Plan,EQ-MLC,0.39,NA
Kotak Focused Equity Fund - Regular Plan,EQ-MLC,2.11,NA
Kotak Global Emerging Market - Direct Plan,EQ-INTL,1.16,17.62
Kotak Global Emerging Market Regular Plan,EQ-INTL,1.65,16.98
Kotak India EQ Contra Fund - Direct Plan,EQ-VAL,1.08,1.23
Kotak India EQ Contra Fund - Regular Plan,EQ-VAL,2.44,-0.15
Kotak India Growth Fund Series 4 - Direct Plan,EQ-MLC,NA,14.50
Kotak India Growth Fund Series 4 - Regular Plan,EQ-MLC,1.25,13.41
Kotak India Growth Fund Series 5 - Direct Plan,EQ-MLC,NA,6.86
Kotak India Growth Fund Series 5 - Regular Plan,EQ-MLC,1.44,6.61
Kotak India Growth Fund Series 7 - Direct Plan,EQ-MLC,NA,5.35
Kotak India Growth Fund Series 7 - Regular Plan,EQ-MLC,1.18,4.23
Kotak Infrastructure and Economic Reform Fund - Standard Plan,EQ-INFRA,2.52,-15.04
Kotak Infrastructure and Economic Reform Fund - Standard Plan - Direct Plan,EQ-INFRA,1.34,-14.04
Kotak Nifty ETF Fund,EQ-LC,0.14,-1.21
Kotak NV 20 ETF,EQ-LC,0.13,2.34
Kotak Pioneer Fund - Direct Plan,EQ-THEMATIC,0.49,NA
Kotak Pioneer Fund - Regular Plan,EQ-THEMATIC,2.19,NA
Kotak PSU Bank ETF,EQ-BANK,0.49,-51.98
Kotak Sensex ETF Fund,EQ-LC,0.28,0.42
Kotak Small Cap Fund - Direct Plan,EQ-SC,0.80,2.12
Kotak Small Cap Fund - Regular Plan,EQ-SC,2.23,0.72
Kotak Standard Multicap Fund - Direct Plan,EQ-MLC,0.73,-0.49
Kotak Standard Multicap Fund Regular Plan,EQ-MLC,1.69,-1.43
Kotak Tax Saver - Direct Plan,EQ-ELSS,1.03,0.84
Kotak Tax Saver Regular Plan,EQ-ELSS,2.40,-0.39
LIC MF Banking & Financial Services Fund - Direct Plan,EQ-BANK,1.52,-15.50
LIC MF Banking & Financial Services Fund - Regular Plan,EQ-BANK,2.57,-16.36
LIC MF Exchange Traded Fund - Nifty 100,EQ-LC,0.26,-1.02
LIC MF Exchange Traded Fund - Nifty 50,EQ-LC,0.10,-0.88
LIC MF Exchange Traded Fund - Sensex,EQ-LC,0.10,0.64
LIC MF Index-Nifty Plan,EQ-LC,1.03,-1.66
LIC MF Index-Nifty Plan - Direct Plan,EQ-LC,0.48,-1.29
LIC MF Index-Sensex Plan,EQ-LC,1.08,0.12
LIC MF Index-Sensex Plan - Direct Plan,EQ-LC,0.58,0.44
LIC MF Infrastructure Fund,EQ-INFRA,2.52,-11.77
LIC MF Infrastructure Fund - Direct Plan,EQ-INFRA,1.23,-11.20
LIC MF Large Cap Fund,EQ-LC,2.63,1.63
LIC MF Large Cap Fund - Direct Plan,EQ-LC,1.60,2.55
LIC MF Large & Mid Cap Fund - Direct Plan,EQ-L&MC,1.00,1.80
LIC MF Large & Mid Cap Fund - Regular Plan,EQ-L&MC,2.54,0.27
LIC MF Multicap Fund,EQ-MLC,2.58,0.72
LIC MF Multicap Fund - Direct Plan,EQ-MLC,1.68,1.40
LIC MF Tax Plan,EQ-ELSS,2.53,-4.35
LIC MF Tax Plan - Direct Plan,EQ-ELSS,1.29,-3.27
L&T Business Cycles Fund - Direct Plan,EQ-THEMATIC,1.60,-9.88
L&T Business Cycles Fund - Regular Plan,EQ-THEMATIC,2.57,-10.71
L&T Emerging Businesses Fund,EQ-SC,2.05,-15.76
L&T Emerging Businesses Fund - Direct Plan,EQ-SC,0.92,-14.79
L&T Emerging Opportunities Fund Series I - Direct Plan,EQ-SC,0.87,7.94
L&T Emerging Opportunities Fund Series II - Direct Plan,EQ-SC,0.85,13.07
L&T Emerging Opportunities Fund Series II - Regular Plan,EQ-SC,1.46,12.38
L&T Emerging Opportunities Fund Series I - Regular Plan,EQ-SC,1.37,7.31
L&T Equity Fund,EQ-MLC,2.15,-2.45
L&T Equity Fund - Direct Plan,EQ-MLC,1.39,-1.80
L&T Focused Equity Fund - Direct Plan,EQ-MLC,1.39,1.92
L&T Focused Equity Fund - Regular Plan,EQ-MLC,2.51,0.76
L&T India Large Cap Fund,EQ-LC,2.61,-2.34
L&T India Large Cap Fund - Direct Plan,EQ-LC,1.64,-1.47
L&T India Value Fund,EQ-VAL,1.92,-5.74
L&T India Value Fund - Direct Plan,EQ-VAL,0.93,-4.80
L&T Infrastructure Fund,EQ-INFRA,2.30,-15.92
L&T Infrastructure Fund - Direct Plan,EQ-INFRA,1.25,-14.99
L&T Large and Midcap Fund,EQ-L&MC,2.31,-0.90
L&T Large and Midcap Fund - Direct Plan,EQ-L&MC,1.40,-0.07
L&T Midcap Fund,EQ-MC,1.95,-1.24
L&T Midcap Fund - Direct Plan,EQ-MC,0.75,-0.02
L&T Nifty 50 Index Fund - Direct Plan,EQ-LC,0.24,NA
L&T Nifty 50 Index Fund - Regular Plan,EQ-LC,0.69,NA
L&T Nifty Next 50 Index Fund - Direct Plan,EQ-LC,0.21,NA
L&T Nifty Next 50 Index Fund - Regular Plan,EQ-LC,0.66,NA
L&T Tax Advantage Fund,EQ-ELSS,2.06,-4.09
L&T Tax Advantage Fund - Direct Plan,EQ-ELSS,1.44,-3.55
Mahindra Manulife ELSS Kar Bachat Yojana - Direct Plan,EQ-ELSS,0.68,0.23
Mahindra Manulife ELSS Kar Bachat Yojana - Regular Plan,EQ-ELSS,2.40,-1.44
Mahindra Manulife Large Cap Pragati Yojana - Direct Plan,EQ-LC,0.68,0.88
Mahindra Manulife Large Cap Pragati Yojana - Regular Plan,EQ-LC,2.60,-1.06
Mahindra Manulife Mid Cap Unnati Yojana - Direct Plan,EQ-MC,0.86,5.79
Mahindra Manulife Mid Cap Unnati Yojana - Regular Plan,EQ-MC,2.56,4.13
Mahindra Manulife Multi Cap Badhat Yojana - Direct Plan,EQ-MLC,0.86,6.67
Mahindra Manulife Multi Cap Badhat Yojana - Regular Plan,EQ-MLC,2.62,4.89
Mahindra Manulife Rural Bharat And Consumption Yojana - Direct Plan,EQ-THEMATIC,0.80,NA
Mahindra Manulife Rural Bharat And Consumption Yojana - Regular Plan,EQ-THEMATIC,2.45,-1.80
Mahindra Manulife Top 250 Nivesh Yojana - Direct Plan,EQ-L&MC,0.62,NA
Mahindra Manulife Top 250 Nivesh Yojana - Regular Plan,EQ-L&MC,2.51,NA
Mirae Asset Emerging Bluechip Fund - Direct Plan,EQ-L&MC,0.85,6.67
Mirae Asset Emerging Bluechip Fund - Regular Plan,EQ-L&MC,1.76,5.61
Mirae Asset Focused Fund - Direct Plan,EQ-MLC,0.37,11.19
Mirae Asset Focused Fund - Regular Plan,EQ-MLC,1.91,9.35
Mirae Asset Great Consumer Fund - Direct Plan,EQ-Consumption,0.67,5.11
Mirae Asset Great Consumer Fund - Regular Plan,EQ-Consumption,2.21,3.37
Mirae Asset Healthcare Fund - Direct Plan,EQ-Pharma,0.83,47.28
Mirae Asset Healthcare Fund - Regular Plan,EQ-Pharma,2.43,44.88
Mirae Asset Large Cap Fund - Direct Plan,EQ-LC,0.62,0.23
Mirae Asset Large Cap Fund - Regular Plan,EQ-LC,1.66,-0.87
Mirae Asset Midcap Fund - Direct Plan,EQ-MC,0.45,NA
Mirae Asset Midcap Fund - Regular Plan,EQ-MC,2.02,NA
Mirae Asset Nifty 50 ETF - Regular Plan,EQ-LC,0.07,-1.05
Mirae Asset Nifty Next 50 ETF - Regular Plan,EQ-LC,0.14,NA
Mirae Asset Tax Saver Fund - Direct Plan,EQ-ELSS,0.42,4.26
Mirae Asset Tax Saver Fund - Regular Plan,EQ-ELSS,1.80,2.62
Motilal Oswal Focused 25 Fund - Direct Plan,EQ-LC,0.91,8.18
Motilal Oswal Focused 25 Fund - Regular Plan,EQ-LC,2.31,6.85
Motilal Oswal Large and Midcap Fund - Direct Plan,EQ-L&MC,0.64,NA
Motilal Oswal Large and Midcap Fund - Regular Plan,EQ-L&MC,2.49,NA
Motilal Oswal Long Term Equity Fund - Direct Plan,EQ-ELSS,0.80,1.58
Motilal Oswal Long Term Equity Fund - Regular Plan,EQ-ELSS,2.25,0.24
Motilal Oswal M50 ETF Fund,EQ-LC,0.05,-1.37
Motilal Oswal Midcap 100 Exchange Traded Fund,EQ-MC,0.20,-4.39
Motilal Oswal Midcap 30 Fund - Direct Plan,EQ-MC,1.06,-1.53
Motilal Oswal Midcap 30 Fund - Regular Plan,EQ-MC,2.29,-2.65
Motilal Oswal Multicap 35 Fund - Direct Plan,EQ-MLC,0.82,0.33
Motilal Oswal Multicap 35 Fund - Regular Plan,EQ-MLC,1.86,-0.58
Motilal Oswal NASDAQ 100 Exchange Traded Fund,EQ-INTL,0.54,50.32
Motilal Oswal Nasdaq 100 FOF - Direct Plan,EQ-INTL,0.10,48.90
Motilal Oswal Nasdaq 100 FOF - Regular Plan,EQ-INTL,0.50,48.30
Motilal Oswal Nifty 500 Fund - Direct Plan,EQ-MLC,0.38,NA
Motilal Oswal Nifty 500 Fund - Regular Plan,EQ-MLC,1.03,NA
Motilal Oswal Nifty 50 Index Fund - Direct Plan,EQ-LC,0.10,NA
Motilal Oswal Nifty 50 Index Fund - Regular Plan,EQ-LC,0.50,NA
Motilal Oswal Nifty Bank Index Fund - Direct Plan,EQ-BANK,0.38,NA
Motilal Oswal Nifty Bank Index Fund - Regular Plan,EQ-BANK,1.03,NA
Motilal Oswal Nifty Midcap 150 Index Fund - Direct Plan,EQ-MC,0.38,NA
Motilal Oswal Nifty Midcap 150 Index Fund - Regular Plan,EQ-MC,1.03,NA
Motilal Oswal Nifty Next 50 Index Fund - Direct Plan,EQ-LC,0.30,NA
Motilal Oswal Nifty Next 50 Index Fund - Regular Plan,EQ-LC,0.95,NA
Motilal Oswal Nifty Smallcap 250 Index Fund - Direct Plan,EQ-SC,0.38,NA
Motilal Oswal Nifty Smallcap 250 Index Fund - Regular Plan,EQ-SC,1.03,NA
Motilal Oswal S&P 500 Index Fund - Direct Plan,EQ-INTL,0.49,NA
Motilal Oswal S&P 500 Index Fund - Regular Plan,EQ-INTL,1.19,NA
Nippon India Banking Fund,EQ-BANK,2.17,-28.02
Nippon India Banking Fund - Direct Plan,EQ-BANK,1.55,-27.53
Nippon India Capital Builder Fund IV Series A - Direct Plan,EQ-MLC,NA,4.58
Nippon India Capital Builder Fund IV Series A - Regular Plan,EQ-MLC,1.38,4.13
Nippon India Capital Builder Fund IV Series B - Direct Plan,EQ-MLC,NA,-9.82
Nippon India Capital Builder Fund IV Series B - Regular Plan,EQ-MLC,1.41,-10.22
Nippon India Capital Builder Fund IV Series C - Direct Plan,EQ-SC,NA,-11.99
Nippon India Capital Builder Fund IV Series C - Regular Plan,EQ-SC,1.32,-12.37
Nippon India Capital Builder Fund IV Series D - Direct Plan,EQ-SC,NA,-11.49
Nippon India Capital Builder Fund IV Series D - Regular Plan,EQ-SC,1.14,-11.97
Nippon India Consumption Fund,EQ-Consumption,2.57,11.03
Nippon India Consumption Fund - Direct Plan,EQ-Consumption,2.01,11.85
Nippon India ETF Bank BeES,EQ-BANK,0.18,-22.96
Nippon India ETF Consumption,EQ-Consumption,0.35,10.20
Nippon India ETF Dividend Opportunities,EQ-THEMATIC,0.16,-2.56
Nippon India ETF Hang Seng BeES,EQ-INTL,0.86,-1.20
Nippon India ETF Infra BeES,EQ-INFRA,1.09,0.07
Nippon India ETF Junior BeES,EQ-LC,0.15,0.23
Nippon India ETF Nifty 100,EQ-LC,0.97,-1.91
Nippon India ETF Nifty BeES,EQ-LC,0.05,-1.03
Nippon India ETF Nifty IT - Regular Plan,EQ-IT,0.27,NA
Nippon India ETF Nifty Midcap 150 - Regular Plan,EQ-MC,0.24,-0.35
Nippon India ETF NV20,EQ-LC,0.37,3.85
Nippon India ETF PSU Bank BeES,EQ-BANK,0.49,-51.93
Nippon India ETF Sensex,EQ-LC,0.07,0.64
Nippon India ETF Sensex Next 50 - Regular Plan,EQ-LC,0.25,NA
Nippon India ETF Shariah BeES,EQ-LC,1.05,11.46
Nippon India Focused Equity Fund,EQ-MLC,1.98,-5.18
Nippon India Focused Equity Fund - Direct Plan,EQ-MLC,1.54,-4.55
Nippon India Growth Fund,EQ-MC,1.90,-1.03
Nippon India Growth Fund - Direct Plan,EQ-MC,1.40,-0.39
Nippon India Growth Fund - Institutional Plan,EQ-MC,2.00,-0.80
Nippon India Index Fund - Nifty Plan,EQ-LC,1.14,-2.22
Nippon India Index Fund - Nifty Plan - Direct Plan,EQ-LC,0.10,-1.29
Nippon India Index Fund - Sensex Plan,EQ-LC,0.34,0.03
Nippon India Index Fund - Sensex Plan - Direct Plan,EQ-LC,0.10,0.59
Nippon India India Opportunities Fund - Series A - Direct Plan,EQ-LC,NA,-16.80
Nippon India India Opportunities Fund - Series A - Regular Plan,EQ-LC,1.33,-17.46
Nippon India Japan Equity Fund,EQ-INTL,2.38,11.65
Nippon India Japan Equity Fund - Direct Plan,EQ-INTL,1.33,12.71
Nippon India Junior BeES FoF - Direct Plan,EQ-LC,0.02,-0.07
Nippon India Junior BeES FoF - Regular Plan,EQ-LC,0.28,-0.31
Nippon India Large Cap Fund,EQ-LC,1.76,-13.00
Nippon India Large Cap Fund - Direct Plan,EQ-LC,1.02,-12.23
Nippon India Multi Cap Fund,EQ-MLC,1.84,-19.37
Nippon India Multi Cap Fund - Direct Plan,EQ-MLC,1.31,-18.80
Nippon India Pharma Fund,EQ-Pharma,2.07,37.83
Nippon India Pharma Fund - Direct Plan,EQ-Pharma,1.35,38.98
Nippon India Power & Infra Fund,EQ-INFRA,2.37,-9.27
Nippon India Power & Infra Fund - Direct Plan,EQ-INFRA,1.94,-8.77
Nippon India Quant Fund - Direct Plan,EQ-THEMATIC,0.20,3.53
Nippon India Quant Fund - Retail Plan,EQ-THEMATIC,0.93,2.69
Nippon India Retirement Fund - Wealth Creation Scheme,EQ-MLC,2.04,-16.17
Nippon India Retirement Fund - Wealth Creation Scheme - Direct Plan,EQ-MLC,1.26,-15.35
Nippon India Small Cap Fund,EQ-SC,1.90,-1.98
Nippon India Small Cap Fund - Direct Plan,EQ-SC,1.22,-1.15
Nippon India Tax Saver (ELSS) Fund,EQ-ELSS,1.76,-15.37
Nippon India Tax Saver (ELSS) Fund - Direct Plan,EQ-ELSS,1.28,-14.79
Nippon India US Equity Opportunities Fund,EQ-INTL,2.65,20.62
Nippon India US Equity Opportunities Fund - Direct Plan,EQ-INTL,1.50,21.97
Nippon India Value Fund,EQ-VAL,2.05,-4.53
Nippon India Value Fund - Direct Plan,EQ-VAL,1.56,-3.89
Nippon India Vision Fund,EQ-L&MC,2.17,-5.95
Nippon India Vision Fund - Direct Plan,EQ-L&MC,1.76,-5.44
Parag Parikh Long Term Equity Fund - Direct Plan,EQ-MLC,1.10,17.74
Parag Parikh Long Term Equity Fund - Regular Plan,EQ-MLC,1.97,16.74
Parag Parikh Tax Saver Fund - Direct Plan,EQ-ELSS,1.16,NA
Parag Parikh Tax Saver Fund - Regular Plan,EQ-ELSS,2.46,NA
PGIM India Diversified Equity Fund - Direct Plan,EQ-MLC,0.54,14.29
PGIM India Diversified Equity Fund - Regular Plan,EQ-MLC,2.52,12.19
PGIM India Euro Equity Fund,EQ-INTL,0.36,15.31
PGIM India Euro Equity Fund - Direct Plan,EQ-INTL,0.12,16.39
PGIM India Global Equity Opportunities Fund,EQ-INTL,1.29,48.32
PGIM India Global Equity Opportunities Fund - Direct Plan,EQ-INTL,0.28,49.60
PGIM India Large Cap Fund,EQ-LC,2.48,-3.67
PGIM India Large Cap Fund - Direct Plan,EQ-LC,0.99,-2.36
PGIM India Long Term Equity Fund - Direct Plan,EQ-ELSS,1.37,-0.54
PGIM India Long Term Equity Fund - Regular Plan,EQ-ELSS,2.50,-2.06
PGIM India Midcap Opportunities Fund - Direct Plan,EQ-MC,0.72,20.44
PGIM India Midcap Opportunities Fund - Regular Plan,EQ-MC,2.55,18.41
Principal Dividend Yield Fund,EQ-DIV Y,2.57,5.76
Principal Dividend Yield Fund - Direct Plan,EQ-DIV Y,2.03,6.34
Principal Emerging Bluechip Fund,EQ-L&MC,2.14,4.05
Principal Emerging Bluechip Fund - Direct Plan,EQ-L&MC,1.01,5.22
Principal Focused Multicap Fund,EQ-MLC,2.62,7.34
Principal Focused Multicap Fund - Direct Plan,EQ-MLC,1.82,8.07
Principal Global Opportunities Fund,EQ-INTL,1.43,9.20
Principal Global Opportunities Fund - Direct Plan,EQ-INTL,1.00,9.58
Principal Midcap Fund - Direct Plan,EQ-MC,0.40,NA
Principal Midcap Fund - Regular Plan,EQ-MC,2.40,NA
Principal Multi Cap Growth Fund,EQ-MLC,2.49,-3.02
Principal Multi Cap Growth Fund - Direct Plan,EQ-MLC,1.67,-2.20
Principal Nifty 100 Equal Weight Fund,EQ-LC,0.96,-4.14
Principal Nifty 100 Equal Weight Fund - Direct Plan,EQ-LC,0.72,-4.00
Principal Personal Tax Saver Fund,EQ-ELSS,2.54,-3.06
Principal Personal Tax Saver Fund - Direct Plan,EQ-ELSS,2.13,-2.74
Principal Small Cap Fund - Direct Plan,EQ-SC,0.74,10.01
Principal Small Cap Fund - Regular Plan,EQ-SC,2.45,7.97
Principal Tax Savings Fund,EQ-ELSS,2.56,-2.43
Principal Tax Savings Fund - Direct Plan,EQ-ELSS,2.05,-1.97
Quant Active Fund,EQ-MLC,2.48,7.07
Quant Active Fund - Direct Plan,EQ-MLC,2.38,7.14
Quant Consumption Fund,EQ-Consumption,2.48,3.77
Quant Consumption Fund - Direct Plan,EQ-Consumption,0.57,5.68
Quant Focused Fund,EQ-LC,2.48,-2.07
Quant Focused Fund - Direct Plan,EQ-LC,0.57,-0.61
Quant Infrastructure Fund,EQ-INFRA,2.48,-13.90
Quant Infrastructure Fund - Direct Plan,EQ-INFRA,0.57,-12.13
Quant Large and Mid Cap Fund,EQ-L&MC,2.48,11.81
Quant Large and Mid Cap Fund - Direct Plan,EQ-L&MC,2.38,11.91
Quant Mid Cap Fund,EQ-MC,2.48,8.87
Quant Mid Cap Fund - Direct Plan,EQ-MC,0.57,10.81
Quant Small Cap Fund,EQ-SC,2.48,6.71
Quant Small Cap Fund - Direct Plan,EQ-SC,2.38,7.03
Quant Tax Plan,EQ-ELSS,2.48,4.62
Quant Tax Plan - Direct Plan,EQ-ELSS,0.57,6.47
Quantum Equity FoF Fund - Direct Plan,EQ-MLC,0.51,-2.00
Quantum Equity FoF - Regular Plan,EQ-MLC,0.75,-2.23
Quantum India ESG Equity Fund - Direct Plan,EQ-THEMATIC,0.90,3.63
Quantum India ESG Equity Fund - Regular Plan,EQ-THEMATIC,1.40,3.03
Quantum Long Term Equity Value Fund - Direct Plan,EQ-VAL,1.29,-12.06
Quantum Long Term Equity Value Fund - Regular Plan,EQ-VAL,1.79,-12.51
Quantum Nifty ETF,EQ-LC,0.09,-1.21
Quantum Tax Saving Fund - Direct Plan,EQ-ELSS,1.29,-11.49
Quantum Tax Saving - Regular Plan,EQ-ELSS,1.79,-11.93
SBI Banking & Financial Services Fund - Direct Plan,EQ-BANK,1.13,-10.09
SBI Banking & Financial Services Fund - Regular Plan,EQ-BANK,2.21,-11.13
SBI Bluechip Fund,EQ-LC,1.89,-2.46
SBI Bluechip Fund - Direct Plan,EQ-LC,1.03,-1.66
SBI Consumption Opportunities Fund,EQ-Consumption,2.64,-9.09
SBI Consumption Opportunities Fund - Direct Plan,EQ-Consumption,1.52,-8.13
SBI Contra Fund,EQ-VAL,2.30,-5.07
SBI Contra Fund - Direct Plan,EQ-VAL,1.70,-4.52
SBI Equity Minimum Variance Fund - Direct Plan,EQ-THEMATIC,0.34,5.49
SBI Equity Minimum Variance Fund - Regular Plan,EQ-THEMATIC,0.74,5.05
SBI Equity Opportunities Fund - Series I - Direct Plan,EQ-MLC,0.41,-1.29
SBI Equity Opportunities Fund - Series I - Regular Plan,EQ-MLC,1.31,-2.17
SBI Equity Opportunities Fund - Series IV - Direct Plan,EQ-MLC,0.58,-2.52
SBI Equity Opportunities Fund - Series IV - Regular Plan,EQ-MLC,1.33,-3.20
SBI ETF BSE 100 Fund,EQ-LC,0.14,-1.39
SBI ETF Nifty 50,EQ-LC,0.07,-1.10
SBI ETF Nifty Bank Fund,EQ-BANK,0.20,-22.92
SBI ETF Nifty Next 50 Fund,EQ-LC,0.16,0.08
SBI ETF Quality - Regular Plan,EQ-LC,0.50,7.65
SBI ETF Sensex,EQ-LC,0.07,0.69
SBI ETF Sensex Next 50 - Regular Plan,EQ-LC,0.12,-8.14
SBI Focused Equity Fund,EQ-MLC,1.88,1.11
SBI Focused Equity Fund - Direct Plan,EQ-MLC,0.83,2.19
SBI Healthcare Opportunities Fund,EQ-Pharma,2.43,38.39
SBI Healthcare Opportunities Fund - Direct Plan,EQ-Pharma,1.23,39.88
SBI Infrastructure Fund,EQ-INFRA,2.57,-5.48
SBI Infrastructure Fund - Direct Plan,EQ-INFRA,2.01,-4.94
SBI Large & Midcap Fund,EQ-L&MC,2.18,-4.46
SBI Large & Midcap Fund - Direct Plan,EQ-L&MC,1.48,-3.79
SBI Long Term Advantage Fund Series I - Direct Plan,EQ-ELSS,1.05,-3.32
SBI Long Term Advantage Fund Series II - Direct Plan,EQ-ELSS,1.05,-0.75
SBI Long Term Advantage Fund Series III - Direct Plan,EQ-ELSS,0.88,-1.72
SBI Long Term Advantage Fund Series III - Regular Plan,EQ-ELSS,1.38,-2.20
SBI Long Term Advantage Fund Series II - Regular Plan,EQ-ELSS,1.40,-1.08
SBI Long Term Advantage Fund Series I - Regular Plan,EQ-ELSS,1.40,-3.65
SBI Long Term Advantage Fund Series IV - Direct Plan,EQ-ELSS,0.88,9.62
SBI Long Term Advantage Fund Series IV - Regular Plan,EQ-ELSS,1.38,9.07
SBI Long Term Advantage Fund Series V - Direct Plan,EQ-ELSS,0.76,-1.12
SBI Long Term Advantage Fund Series VI - Direct Plan,EQ-ELSS,0.70,-0.43
SBI Long Term Advantage Fund Series VI - Regular Plan,EQ-ELSS,1.53,-1.07
SBI Long Term Advantage Fund Series V - Regular Plan,EQ-ELSS,1.36,-1.71
SBI Long Term Equity Fund,EQ-ELSS,1.85,-1.99
SBI Long Term Equity Fund - Direct Plan,EQ-ELSS,1.33,-1.36
SBI Magnum COMMA Fund,EQ-THEMATIC,2.58,4.83
SBI Magnum COMMA Fund - Direct Plan,EQ-THEMATIC,2.02,5.42
SBI Magnum Equity ESG Fund,EQ-THEMATIC,2.21,-0.87
SBI Magnum Equity ESG Fund - Direct Plan,EQ-THEMATIC,1.38,-0.06
SBI Magnum Global Fund,EQ-MNC,2.14,10.31
SBI Magnum Global Fund - Direct Plan,EQ-MNC,1.31,11.21
SBI Magnum Midcap Fund,EQ-MC,2.19,2.50
SBI Magnum Midcap Fund - Direct Plan,EQ-MC,1.19,3.49
SBI Magnum Multicap Fund,EQ-MLC,2.10,-5.51
SBI Magnum Multicap Fund - Direct Plan,EQ-MLC,0.97,-4.57
SBI Nifty Index Fund,EQ-LC,0.49,-2.22
SBI Nifty Index Fund - Direct Plan,EQ-LC,0.14,-1.79
SBI PSU Fund,EQ-PSU,2.56,-16.32
SBI PSU Fund - Direct Plan,EQ-PSU,1.96,-15.82
SBI Small Cap Fund,EQ-SC,2.21,3.46
SBI Small Cap Fund - Direct Plan,EQ-SC,0.89,4.79
SBI Tax Advantage Fund - Series II,EQ-ELSS,1.46,11.21
SBI Tax Advantage Fund - Series III - Direct Plan,EQ-ELSS,0.88,17.02
SBI Tax Advantage Fund - Series III - Regular Plan,EQ-ELSS,1.38,16.44
SBI Technology Opportunities Fund,EQ-IT,2.52,11.95
SBI Technology Opportunities Fund - Direct Plan,EQ-IT,1.80,12.84
Shriram Long Term Equity Fund - Direct Plan,EQ-ELSS,0.60,8.91
Shriram Long Term Equity Fund - Regular Plan,EQ-ELSS,2.55,6.83
Shriram Multicap Fund - Direct Plan,EQ-MLC,0.65,1.32
Shriram Multicap Fund - Regular Plan,EQ-MLC,2.55,-0.53
Sundaram Diversified Equity Fund,EQ-ELSS,2.17,-6.82
Sundaram Diversified Equity Fund - Direct Plan,EQ-ELSS,1.81,-6.47
Sundaram Emerging Small Cap Series 1 - Direct Plan,EQ-SC,0.93,-11.36
Sundaram Emerging Small Cap Series 1 - Regular Plan,EQ-SC,1.38,-11.75
Sundaram Emerging Small Cap Series II - Direct Plan,EQ-SC,0.54,-11.12
Sundaram Emerging Small Cap Series III - Direct Plan,EQ-SC,0.75,-10.44
Sundaram Emerging Small Cap Series III - Regular Plan,EQ-SC,1.35,-10.97
Sundaram Emerging Small Cap Series II - Regular Plan,EQ-SC,1.32,-11.81
Sundaram Emerging Small Cap Series IV - Direct Plan,EQ-SC,0.74,-9.32
Sundaram Emerging Small Cap Series IV - Regular Plan,EQ-SC,1.34,-9.87
Sundaram Emerging Small Cap Series V - Direct Plan,EQ-SC,0.79,-10.52
Sundaram Emerging Small Cap Series VI - Direct Plan,EQ-SC,0.79,-7.57
Sundaram Emerging Small Cap Series VII - Direct Plan,EQ-SC,0.96,4.49
Sundaram Emerging Small Cap Series VII - Regular Plan,EQ-SC,1.37,4.06
Sundaram Emerging Small Cap Series VI - Regular Plan,EQ-SC,1.35,-8.08
Sundaram Emerging Small Cap Series V - Regular Plan,EQ-SC,1.35,-11.02
Sundaram Equity Fund - Direct Plan,EQ-MLC,0.42,NA
Sundaram Equity Fund - Regular Plan,EQ-MLC,2.45,NA
Sundaram Financial Services Opportunities Fund - Direct Plan,EQ-BANK,1.66,-9.36
Sundaram Financial Services Opportunities Fund - Institutional Plan,EQ-BANK,NA,-9.36
Sundaram Financial Services Opportunities Fund - Regular Plan,EQ-BANK,2.45,-10.05
Sundaram Global Brand Fund,EQ-INTL,2.38,14.34
Sundaram Global Brand Fund - Direct Plan,EQ-INTL,1.77,14.87
Sundaram Infrastructure Advantage Fund - Direct Plan,EQ-INFRA,2.19,-12.55
Sundaram Infrastructure Advantage Fund - Regular Plan,EQ-INFRA,2.68,-12.95
Sundaram Large and Mid Cap Fund,EQ-L&MC,2.22,-2.93
Sundaram Large and Mid Cap Fund - Direct Plan,EQ-L&MC,0.78,-1.75
Sundaram Long Term Micro Cap Tax Advantage Fund Series III - Direct Plan,EQ-ELSS,1.28,-14.43
Sundaram Long Term Micro Cap Tax Advantage Fund Series III - Regular Plan,EQ-ELSS,1.43,-14.56
Sundaram Long Term Micro Cap Tax Advantage Fund Series IV - Direct Plan,EQ-ELSS,1.28,-13.24
Sundaram Long Term Micro Cap Tax Advantage Fund Series IV - Regular Plan,EQ-ELSS,1.43,-13.35
Sundaram Long Term Micro Cap Tax Advantage Fund Series V - Direct Plan,EQ-ELSS,1.07,-13.82
Sundaram Long Term Micro Cap Tax Advantage Fund Series VI - Direct Plan,EQ-ELSS,1.12,-13.81
Sundaram Long Term Micro Cap Tax Advantage Fund Series VI - Regular Plan,EQ-ELSS,1.40,-14.05
Sundaram Long Term Micro Cap Tax Advantage Fund Series V - Regular Plan,EQ-ELSS,1.40,-14.09
Sundaram Long Term Tax Advantage Fund Series I - Direct Plan,EQ-ELSS,0.96,0.68
Sundaram Long Term Tax Advantage Fund Series II - Direct Plan,EQ-ELSS,1.20,1.66
Sundaram Long Term Tax Advantage Fund Series III - Direct Plan,EQ-ELSS,1.21,-14.14
Sundaram Long Term Tax Advantage Fund Series III - Regular Plan,EQ-ELSS,1.42,-14.33
Sundaram Long Term Tax Advantage Fund Series II - Regular Plan,EQ-ELSS,1.41,1.42
Sundaram Long Term Tax Advantage Fund Series I - Regular Plan,EQ-ELSS,1.38,0.36
Sundaram Long Term Tax Advantage Fund Series IV - Direct Plan,EQ-ELSS,1.11,-12.37
Sundaram Long Term Tax Advantage Fund Series IV - Regular Plan,EQ-ELSS,1.40,-12.62
Sundaram Mid Cap Fund - Direct Plan,EQ-MC,1.18,-7.03
Sundaram Mid Cap Fund - Institutional Plan,EQ-MC,NA,-7.03
Sundaram Mid Cap Fund - Regular Plan,EQ-MC,2.04,-7.75
Sundaram Multi Cap Fund - Series I - Direct Plan,EQ-MLC,0.79,10.40
Sundaram Multi Cap Fund - Series II - Direct Plan,EQ-MLC,0.79,10.29
Sundaram Multi Cap Fund - Series II - Regular Plan,EQ-MLC,1.35,9.67
Sundaram Multi Cap Fund - Series I - Regular Plan,EQ-MLC,1.35,9.78
Sundaram Rural and Consumption Fund - Direct Plan,EQ-Consumption,1.45,2.10
Sundaram Rural and Consumption Fund - Regular Plan,EQ-Consumption,2.28,1.28
Sundaram Select Focus Fund - Direct Plan,EQ-LC,1.43,0.86
Sundaram Select Focus Fund - Institutional Plan,EQ-LC,NA,0.86
Sundaram Select Focus Fund - Regular Plan,EQ-LC,2.42,0.04
Sundaram Select Micro Cap Fund - Series IX - Direct Plan,EQ-SC,1.21,-14.42
Sundaram Select Micro Cap Fund - Series IX - Regular Plan,EQ-SC,1.42,-14.63
Sundaram Select Micro Cap Fund - Series VIII - Direct Plan,EQ-SC,1.21,-14.43
Sundaram Select Micro Cap Fund - Series VIII - Regular Plan,EQ-SC,1.42,-14.64
Sundaram Select Micro Cap Fund - Series X - Direct Plan,EQ-SC,1.21,-16.02
Sundaram Select Micro Cap Fund - Series X - Regular Plan,EQ-SC,1.42,-16.23
Sundaram Select Micro Cap Series XI - Direct Plan,EQ-SC,1.02,-11.73
Sundaram Select Micro Cap Series XII - Direct Plan,EQ-SC,1.00,-12.16
Sundaram Select Micro Cap Series XII - Regular Plan,EQ-SC,1.39,-12.50
Sundaram Select Micro Cap Series XI - Regular Plan,EQ-SC,1.39,-12.06
Sundaram Select Micro Cap Series XIV - Direct Plan,EQ-SC,0.73,-10.78
Sundaram Select Micro Cap Series XIV - Regular Plan,EQ-SC,1.34,-11.33
Sundaram Select Micro Cap Series XV - Direct Plan,EQ-SC,0.68,-11.84
Sundaram Select Micro Cap Series XVI - Direct Plan,EQ-SC,0.76,-11.29
Sundaram Select Micro Cap Series XVII - Direct Plan,EQ-SC,0.82,-11.93
Sundaram Select Micro Cap Series XVII - Regular Plan,EQ-SC,1.36,-12.40
Sundaram Select Micro Cap Series XVI - Regular Plan,EQ-SC,1.35,-11.81
Sundaram Select Micro Cap Series XV - Regular Plan,EQ-SC,1.34,-12.42
Sundaram Select Small Cap Series V - Direct Plan,EQ-MC,0.52,-0.96
Sundaram Select Small Cap Series VI - Direct Plan,EQ-MC,0.83,-1.06
Sundaram Select Small Cap Series VI - Regular Plan,EQ-MC,1.36,-1.58
Sundaram Select Small Cap Series V - Regular Plan,EQ-MC,1.31,-1.74
Sundaram Services Fund - Direct Plan,EQ-THEMATIC,1.24,4.65
Sundaram Services Fund - Regular Plan,EQ-THEMATIC,2.38,3.72
Sundaram Small Cap Fund - Direct Plan,EQ-SC,1.44,-7.77
Sundaram Small Cap Fund - Institutional Plan,EQ-SC,NA,-7.78
Sundaram Small Cap Fund - Regular Plan,EQ-SC,2.51,-8.63
Sundaram Smart NIFTY 100 Equal Weight Fund - Direct Plan,EQ-LC,0.43,-3.97
Sundaram Smart NIFTY 100 Equal Weight Fund - Regular Plan,EQ-LC,0.95,-4.44
Sundaram Value Fund Series III - Direct Plan,EQ-MLC,1.34,1.74
Sundaram Value Fund Series III - Regular Plan,EQ-MLC,1.44,1.64
Sundaram Value Fund Series IX - Direct Plan,EQ-MLC,0.72,5.82
Sundaram Value Fund Series IX - Regular Plan,EQ-MLC,1.34,5.16
Sundaram Value Fund Series VII - Direct Plan,EQ-SC,0.83,-22.20
Sundaram Value Fund Series VIII - Direct Plan,EQ-MLC,1.07,-10.67
Sundaram Value Fund Series VIII - Regular Plan,EQ-MLC,1.39,-10.96
Sundaram Value Fund Series VII - Regular Plan,EQ-SC,1.36,-22.61
Sundaram Value Fund Series X - Direct Plan,EQ-MLC,0.73,5.66
Sundaram Value Fund Series X - Regular Plan,EQ-MLC,1.34,5.02
Tata Banking and Financial Services Fund - Direct Plan,EQ-BANK,1.08,-7.04
Tata Banking and Financial Services Fund - Regular Plan,EQ-BANK,1.68,-8.47
Tata Digital India Fund - Direct Plan,EQ-IT,1.13,10.89
Tata Digital India Fund - Regular Plan,EQ-IT,2.21,9.07
Tata Equity PE Fund - Direct Plan,EQ-VAL,0.78,2.13
Tata Equity PE Fund - Regular Plan,EQ-VAL,1.96,0.65
Tata Ethical Fund - Direct Plan,EQ-THEMATIC,1.35,9.34
Tata Ethical Fund - Regular Plan,EQ-THEMATIC,2.51,8.14
Tata Focused Equity Fund - Direct Plan,EQ-MLC,0.54,NA
Tata Focused Equity Fund - Regular Plan,EQ-MLC,2.23,NA
Tata Index Nifty Fund - Direct Plan,EQ-LC,0.05,-1.19
Tata Index Nifty Fund - Regular Plan,EQ-LC,1.00,-1.70
Tata Index Sensex Fund - Direct Plan,EQ-LC,0.05,0.78
Tata Index Sensex Fund - Regular Plan,EQ-LC,1.00,0.05
Tata India Consumer Fund - Direct Plan,EQ-Consumption,0.88,8.92
Tata India Consumer Fund - Regular Plan,EQ-Consumption,2.35,7.32
Tata India Pharma & HealthCare Fund - Direct Plan,EQ-Pharma,1.20,31.89
Tata India Pharma & HealthCare Fund - Regular Plan,EQ-Pharma,2.41,29.88
Tata India Tax Savings Fund,EQ-ELSS,2.31,-3.45
Tata India Tax Savings Fund - Direct Plan,EQ-ELSS,0.76,-1.98
Tata Infrastructure Fund - Direct Plan,EQ-INFRA,1.84,-14.69
Tata Infrastructure Fund - Regular Plan,EQ-INFRA,2.57,-15.32
Tata Large Cap Fund - Direct Plan,EQ-LC,1.71,-5.22
Tata Large Cap Fund - Regular Plan,EQ-LC,2.57,-6.04
Tata Large & Mid Cap Fund - Direct Plan,EQ-L&MC,1.15,1.36
Tata Large & Mid Cap Fund - Regular Plan,EQ-L&MC,2.17,0.17
Tata Midcap Growth Fund - Direct Plan,EQ-MC,1.27,2.92
Tata Midcap Growth Fund - Regular Plan,EQ-MC,2.54,1.50
Tata Multicap Fund - Direct Plan,EQ-MLC,0.84,5.23
Tata Multicap Fund - Regular Plan,EQ-MLC,2.24,3.27
Tata Nifty Exchange Traded Fund - Regular Plan,EQ-LC,0.07,-0.87
Tata Nifty Private Bank Exchange Traded Fund - Regular Plan,EQ-BANK,0.13,NA
Tata Quant Fund - Direct Plan,EQ-THEMATIC,0.89,NA
Tata Quant Fund - Regular Plan,EQ-THEMATIC,2.69,NA
Tata Resources & Energy Fund - Direct Plan,EQ-Energy,1.10,16.68
Tata Resources & Energy Fund - Regular Plan,EQ-Energy,2.73,14.73
Tata Retirement Savings Fund - Progressive Plan - Direct Plan,EQ-MLC,0.89,6.41
Tata Retirement Savings Fund - Progressive Plan - Regular Plan,EQ-MLC,2.50,4.70
Tata Small Cap Fund - Direct Plan,EQ-SC,1.03,2.60
Tata Small Cap Fund - Regular Plan,EQ-SC,2.47,0.72
Tata Value Fund Series 1 - Direct Plan,EQ-VAL,0.15,1.85
Tata Value Fund Series 1 - Regular Plan,EQ-VAL,1.52,0.67
Tata Value Fund Series 2 - Direct Plan,EQ-VAL,0.17,1.83
Tata Value Fund Series 2 - Regular Plan,EQ-VAL,1.67,0.61
Taurus Banking & Financial Services Fund - Direct Plan,EQ-BANK,2.16,-11.41
Taurus Banking & Financial Services Fund - Regular Plan,EQ-BANK,2.46,-11.99
Taurus Discovery (Midcap) Fund - Direct Plan,EQ-MC,2.02,9.32
Taurus Discovery (Midcap) Fund - Regular Plan,EQ-MC,2.52,8.87
Taurus Ethical Fund - Direct Plan,EQ-THEMATIC,0.08,10.63
Taurus Ethical Fund - Regular Plan,EQ-THEMATIC,2.29,9.44
Taurus Infrastructure Fund - Direct Plan,EQ-INFRA,2.37,-0.99
Taurus Infrastructure Fund - Regular Plan,EQ-INFRA,2.52,-1.46
Taurus Largecap Equity Fund - Direct Plan,EQ-LC,2.42,-3.87
Taurus Largecap Equity Fund - Regular Plan,EQ-LC,2.57,-4.13
Taurus Nifty Index Fund - Direct Plan,EQ-LC,0.74,-1.44
Taurus Nifty Index Fund - Regular Plan,EQ-LC,1.09,-1.67
Taurus Starshare (Multi Cap) Fund - Direct Plan,EQ-MLC,2.29,-7.47
Taurus Starshare (Multi Cap) Fund - Regular Plan,EQ-MLC,2.59,-7.60
Taurus Tax Shield Fund - Direct Plan,EQ-ELSS,0.93,0.81
Taurus Tax Shield Fund - Regular Plan,EQ-ELSS,2.33,-0.04
Templeton India Equity Income Fund,EQ-DIV Y,2.40,-5.23
Templeton India Equity Income Fund - Direct Plan,EQ-DIV Y,1.21,-4.28
Templeton India Value Fund,EQ-VAL,2.54,-13.10
Templeton India Value Fund - Direct Plan,EQ-VAL,1.54,-12.26
Union Focused Fund - Direct Plan,EQ-MLC,1.53,NA
Union Focused Fund - Regular Plan,EQ-MLC,2.57,NA
Union Largecap Fund - Direct Plan,EQ-LC,1.87,0.47
Union Largecap Fund - Regular Plan,EQ-LC,2.55,-0.09
Union Large & Midcap Fund - Direct Plan,EQ-L&MC,1.44,NA
Union Large & Midcap Fund - Regular Plan,EQ-L&MC,2.49,NA
Union Long Term Equity Fund,EQ-ELSS,2.51,4.67
Union Long Term Equity Fund - Direct Plan,EQ-ELSS,1.94,5.06
Union Midcap Fund - Direct Plan,EQ-MC,1.48,NA
Union Midcap Fund - Regular Plan,EQ-MC,2.48,NA
Union Multi Cap Fund,EQ-MLC,2.56,4.59
Union Multi Cap Fund - Direct Plan,EQ-MLC,1.73,5.39
Union Small Cap Fund - Direct Plan,EQ-SC,1.79,6.04
Union Small Cap Fund - Regular Plan,EQ-SC,2.54,5.26
Union Value Discovery Fund - Direct Plan,EQ-VAL,1.78,2.64
Union Value Discovery Fund - Regular Plan,EQ-VAL,2.52,1.87
UTI Banking and Financial Services Fund - Direct Plan,EQ-BANK,1.83,-23.45
UTI Banking and Financial Services Fund - Regular Plan,EQ-BANK,2.80,-24.14
UTI Children's Career Fund-Investment Plan - Direct Plan,EQ-MLC,1.86,3.99
UTI Children's Career Fund-Investment Plan - Regular Plan,EQ-MLC,2.37,3.11
UTI Core Equity Fund - Direct Plan,EQ-L&MC,2.11,-6.99
UTI Core Equity Fund - Regular Plan,EQ-L&MC,2.39,-7.42
UTI Dividend Yield Fund - Direct Plan,EQ-DIV Y,1.66,4.10
UTI Dividend Yield Fund - Regular Plan,EQ-DIV Y,2.05,3.54
UTI Equity Fund - Direct Plan,EQ-MLC,1.40,8.75
UTI Equity Fund - Regular Plan,EQ-MLC,1.74,8.10
UTI Focussed Equity Fund - Series I (2195 Days) - Direct Plan,EQ-MLC,NA,6.30
UTI Focussed Equity Fund - Series I (2195 Days) - Regular Plan,EQ-MLC,1.39,5.98
UTI Focussed Equity Fund Series IV (1104 Days) - Direct Plan,EQ-MLC,NA,5.51
UTI Focussed Equity Fund Series IV (1104 Days) - Regular Plan,EQ-MLC,1.36,5.14
UTI Focussed Equity Fund Series V (1102 Days) - Direct Plan,EQ-MLC,NA,5.46
UTI Focussed Equity Fund Series V (1102 Days) - Regular Plan,EQ-MLC,1.28,4.88
UTI Focussed Equity Fund Series VI (1150 Days) - Direct Plan,EQ-MLC,NA,6.45
UTI Focussed Equity Fund Series VI (1150 Days) - Regular Plan,EQ-MLC,1.28,5.92
UTI Healthcare Fund - Direct Plan,EQ-Pharma,1.77,39.34
UTI Healthcare Fund - Regular Plan,EQ-Pharma,2.81,38.06
UTI India Consumer Fund - Direct Plan,EQ-Consumption,2.22,8.92
UTI India Consumer Fund - Regular Plan,EQ-Consumption,2.53,8.41
UTI Infrastructure Fund - Direct Plan,EQ-INFRA,2.08,-15.05
UTI Infrastructure Fund - Regular Plan,EQ-INFRA,2.33,-15.38
UTI Long Term Advantage Fund - Series III - Direct Plan,EQ-ELSS,NA,-1.48
UTI Long Term Advantage Fund - Series III - Regular Plan,EQ-ELSS,1.40,-1.63
UTI Long Term Advantage Fund - Series IV - Direct Plan,EQ-ELSS,NA,-9.23
UTI Long Term Advantage Fund - Series IV - Regular Plan,EQ-ELSS,1.35,-9.54
UTI Long Term Advantage Fund - Series V - Direct Plan,EQ-ELSS,NA,-6.76
UTI Long Term Advantage Fund - Series VI - Direct Plan,EQ-ELSS,NA,4.14
UTI Long Term Advantage Fund - Series VII - Direct Plan,EQ-ELSS,NA,6.03
UTI Long Term Advantage Fund - Series VII - Regular Plan,EQ-ELSS,1.30,5.66
UTI Long Term Advantage Fund - Series VI - Regular Plan,EQ-ELSS,1.29,3.62
UTI Long Term Advantage Fund - Series V - Regular Plan,EQ-ELSS,1.30,-7.03
UTI Long Term Equity Fund,EQ-ELSS,2.32,3.04
UTI Long Term Equity Fund - Direct Plan,EQ-ELSS,1.51,4.02
UTI Master Equity Plan Unit Scheme,EQ-ELSS,1.43,-4.13
UTI Mastershare Fund - Direct Plan,EQ-LC,1.22,1.56
UTI Mastershare Fund - Regular Plan,EQ-LC,1.88,0.73
UTI Mid Cap Fund - Direct Plan,EQ-MC,1.32,5.50
UTI Mid Cap Fund - Regular Plan,EQ-MC,2.01,4.61
UTI MNC Fund - Direct Plan,EQ-MNC,1.42,8.74
UTI MNC Fund - Regular Plan,EQ-MNC,2.21,7.83
UTI Nifty Exchange Traded Fund,EQ-LC,0.07,-1.11
UTI Nifty Index Fund - Direct Plan,EQ-LC,0.10,-1.24
UTI Nifty Index Fund - Regular Plan,EQ-LC,0.17,-1.31
UTI Nifty Next 50 Exchange Traded Fund - Regular Plan,EQ-LC,0.15,0.39
UTI Nifty Next 50 Index Fund - Direct Plan,EQ-LC,0.27,0.19
UTI Nifty Next 50 Index Fund - Regular Plan,EQ-LC,0.77,-0.33
UTI Sensex Exchange Traded Fund,EQ-LC,0.07,0.71
UTI S&P BSE Sensex Next 50 ETF - Regular Plan,EQ-LC,0.22,-8.18
UTI Transportation and Logistics Fund - Direct Plan,EQ-THEMATIC,1.41,-3.29
UTI Transportation and Logistics Fund - Regular Plan,EQ-THEMATIC,2.46,-4.25
UTI Value Opportunities Fund - Direct Plan,EQ-VAL,1.45,3.22
UTI Value Opportunities Fund - Regular Plan,EQ-VAL,1.84,2.58
